year,week,gross,top_release,releases,long_weekend
1980,1,7614000,Kramer vs. Kramer,1,false
1980,3,9970342,Kramer vs. Kramer,3,false
1980,4,8295181,Kramer vs. Kramer,2,false
1980,5,26605665,American Gigolo,3,false
1980,6,24424638,Hero at Large,4,false
1980,7,12312572,The Last Married Couple in America,2,false
1980,9,19702207,Kramer vs. Kramer,2,false
1980,10,8879852,Coal Miner's Daughter,2,false
1980,11,4276651,Kramer vs. Kramer,2,false
1980,12,7686531,Hide in Plain Sight,3,false
1980,13,11699446,Little Miss Marker,4,false
1980,14,1842497,When Time Ran Out...,1,false
1980,16,10809445,Kramer vs. Kramer,2,false
1980,17,9513306,Kramer vs. Kramer,3,false
1980,18,4336398,Where the Buffalo Roam,1,false
1980,19,54852885,Friday the 13th,3,false
1980,20,46856795,Fame,4,false
1980,21,53660128,The Shining,3,false
1980,22,11347960,Star Wars: Episode V - The Empire Strikes Back,2,false
1980,24,33709862,Bronco Billy,4,false
1980,25,51271909,Star Wars: Episode V - The Empire Strikes Back,5,false
1980,26,100179015,The Blues Brothers,3,false
1980,27,13995275,Star Wars: Episode V - The Empire Strikes Back,1,false
1980,28,17497440,Star Wars: Episode V - The Empire Strikes Back,3,false
1980,29,36100141,Honeysuckle Rose,3,false
1980,30,83152165,Caddyshack,3,false
1980,31,10274074,Star Wars: Episode V - The Empire Strikes Back,1,false
1980,32,18926738,The Fiendish Plot of Dr. Fu Manchu,4,false
1980,33,38861651,Xanadu,3,false
1980,34,48326726,Smokey and the Bandit II,1,false
1980,35,75050432,Star Wars: Episode V - The Empire Strikes Back,3,false
1980,38,54596588,Ordinary People,1,false
1980,39,19821036,Stardust Memories,6,false
1980,40,43484306,My Bodyguard,7,false
1980,41,73257897,Private Benjamin,2,false
1980,43,6214370,Motel Hell,2,false
1980,44,5686592,The Awakening,1,false
1980,46,2522886,The Idolmaker,2,false
1980,47,204800,Raging Bull,1,false
1980,48,212826,Raging Bull,2,false
1980,49,19249211,The Competition,3,false
1980,50,158421591,Stir Crazy,4,false
1980,51,176579095,9 to 5,5,false
1980,52,136736218,Coal Miner's Daughter,5,false
1981,5,5228003,The Incredible Shrinking Woman,1,false
1981,6,15031958,The Incredible Shrinking Woman,1,false
1981,7,1583207,Sphinx,1,false
1981,10,1739158,All Night Long,1,false
1981,11,10541608,Back Roads,4,false
1981,12,22096997,Back Roads,4,false
1981,13,13679710,The Final Conflict,2,false
1981,15,35646628,Excalibur,3,false
1981,16,11305928,Nighthawks,1,false
1981,17,2026992,The Hand,2,false
1981,18,16856261,Friday the 13th Part 2,3,false
1981,19,616542,King of the Mountain,1,false
1981,21,33887273,Outland,4,false
1981,22,74734444,The Four Seasons,3,false
1981,24,40723215,History of the World: Part I,2,false
1981,25,35774926,Superman II,2,false
1981,26,178996260,Stripes,6,false
1981,27,85273343,For Your Eyes Only,3,false
1981,28,48967271,Superman II,1,false
1981,29,10298865,Endless Love,2,false
1981,30,32100019,Endless Love,2,false
1981,31,16528997,Under the Rainbow,1,false
1981,32,2347425,Student Bodies,1,false
1981,33,2818007,Student Bodies,1,false
1981,34,15265452,Prince of the City,3,false
1981,35,26245786,An American Werewolf in London,3,false
1981,36,23177178,Body Heat,1,false
1981,38,4528980,Continental Divide,2,false
1981,39,13131466,Continental Divide,3,false
1981,40,88316,Zoot Suit,1,false
1981,41,3167766,Zoot Suit,1,false
1981,43,471363,Silence of the North,1,false
1981,44,10725547,Halloween II,2,false
1981,45,25256029,Halloween II,2,false
1981,46,1548165,The Pursuit of D.B. Cooper,1,false
1981,47,2568893,The Pursuit of D.B. Cooper,3,false
1981,49,4027671,Reds,2,false
1981,50,3503990,Rollover,3,false
1981,51,26342432,Neighbors,8,false
1981,52,8476116,Modern Problems,3,false
1982,1,244523055,Indiana Jones and the Raiders of the Lost Ark,10,false
1982,2,166686532,Arthur,15,false
1982,3,29839397,Absence of Malice,17,false
1982,4,56299613,Ghost Story,20,false
1982,5,27063001,On Golden Pond,14,false
1982,6,26355437,On Golden Pond,15,false
1982,7,58385542,On Golden Pond,17,false
1982,8,42089089,Das Boot,15,false
1982,9,35796353,Reds,12,false
1982,10,21547520,On Golden Pond,9,false
1982,11,32031243,Richard Pryor: Live on the Sunset Strip,12,false
1982,12,62869452,Indiana Jones and the Raiders of the Lost Ark,15,false
1982,13,47025032,Porky's,13,false
1982,14,56298041,Porky's,15,false
1982,15,47791198,Porky's,13,false
1982,16,30760214,Porky's,11,false
1982,17,28660651,Porky's,13,false
1982,18,32206667,Missing,13,false
1982,19,25776731,Porky's,12,false
1982,20,33869387,Conan the Barbarian,13,false
1982,21,37802215,Conan the Barbarian,17,false
1982,22,61829348,Rocky III,16,false
1982,23,85574644,Star Trek II: The Wrath of Khan,17,false
1982,24,96979817,E.T. the Extra-Terrestrial,16,false
1982,25,86314505,E.T. the Extra-Terrestrial,14,false
1982,26,92849230,E.T. the Extra-Terrestrial,16,false
1982,27,85679005,E.T. the Extra-Terrestrial,16,false
1982,28,87502575,E.T. the Extra-Terrestrial,15,false
1982,29,82251808,E.T. the Extra-Terrestrial,16,false
1982,30,90540870,E.T. the Extra-Terrestrial,18,false
1982,31,83538159,E.T. the Extra-Terrestrial,18,false
1982,32,85158167,E.T. the Extra-Terrestrial,18,false
1982,33,84980988,E.T. the Extra-Terrestrial,16,false
1982,34,65892065,E.T. the Extra-Terrestrial,15,false
1982,35,55786177,E.T. the Extra-Terrestrial,17,false
1982,36,60171366,Zapped!,21,false
1982,37,49506927,TRON,20,false
1982,38,32479900,E.T. the Extra-Terrestrial,14,false
1982,39,32451491,E.T. the Extra-Terrestrial,14,false
1982,40,25811614,E.T. the Extra-Terrestrial,13,false
1982,41,25177175,An Officer and a Gentleman,13,false
1982,42,16663132,E.T. the Extra-Terrestrial,11,false
1982,43,37895481,First Blood,15,false
1982,44,31225673,First Blood,14,false
1982,45,34271345,First Blood,14,false
1982,46,31874208,Creepshow,15,false
1982,47,46710588,Pink Floyd: The Wall,16,false
1982,48,31383299,E.T. the Extra-Terrestrial,14,false
1982,49,17156522,First Blood,12,false
1982,50,32684487,The Toy,16,false
1982,51,69842835,Tootsie,16,false
1982,52,89953820,Tootsie,14,false
1982,53,70358190,Tootsie,14,false
1983,1,56231811,Tootsie,13,false
1983,2,45889235,Tootsie,13,false
1983,3,39661321,Tootsie,14,false
1983,4,46474626,The House on Sorority Row,14,false
1983,5,35156749,Tootsie,14,false
1983,6,32219148,Tootsie,15,false
1983,7,45203976,Tootsie,18,false
1983,8,45564019,An Officer and a Gentleman,16,false
1983,9,33669780,Tootsie,19,false
1983,10,32366933,They Call Me Bruce,17,false
1983,11,30874699,High Road to China,15,false
1983,12,58574085,Spring Break,20,false
1983,13,47587870,Spring Break,19,false
1983,14,47599709,Indiana Jones and the Raiders of the Lost Ark1983 Re-release,20,false
1983,15,43439422,Lone Wolf McQuade,18,false
1983,16,36772489,Flashdance,17,false
1983,17,43146825,48 Hrs.,18,false
1983,18,43589583,Tender Mercies,20,false
1983,19,42009864,Blue Thunder,16,false
1983,20,56530818,Star Wars: Episode VI - Return of the Jedi,18,false
1983,21,84419294,Star Wars: Episode VI - Return of the Jedi,16,false
1983,22,78266119,Star Wars: Episode VI - Return of the Jedi,15,false
1983,23,82661274,Star Wars: Episode VI - Return of the Jedi,14,false
1983,24,88142110,Superman III,14,false
1983,25,95154603,Star Wars: Episode VI - Return of the Jedi,17,false
1983,26,83048613,Star Wars: Episode VI - Return of the Jedi,18,false
1983,27,60063083,Star Wars: Episode VI - Return of the Jedi,14,false
1983,28,82680128,Staying Alive,16,false
1983,29,93787752,Jaws 3-D,16,false
1983,30,89323639,National Lampoon's Vacation,16,false
1983,31,67041316,National Lampoon's Vacation,15,false
1983,32,72511101,National Lampoon's Vacation,18,false
1983,33,81059273,Easy Money,21,false
1983,34,54655435,Mr. Mom,16,false
1983,35,53400646,Mr. Mom,16,false
1983,36,29268879,Mr. Mom,13,false
1983,37,34347212,Zelig,15,false
1983,38,25444497,Mr. Mom,17,false
1983,39,40936906,WarGames,17,false
1983,40,40747438,Never Say Never Again,16,false
1983,41,31462698,Never Say Never Again,16,false
1983,42,42502537,Never Say Never Again,19,false
1983,43,36865677,Deathstalker,13,false
1983,44,37996864,Never Say Never Again,15,false
1983,45,28609689,The Big Chill,14,false
1983,46,36748152,The Big Chill,18,false
1983,47,32311563,Terms of Endearment,16,false
1983,48,19384060,Terms of Endearment,14,false
1983,49,39534849,Sudden Impact,14,false
1983,50,62189235,Sudden Impact,18,false
1983,51,67985622,Sudden Impact,15,false
1983,52,68612256,Terms of Endearment,15,false
1984,1,50047120,Terms of Endearment,15,false
1984,2,47811293,Terms of Endearment,17,false
1984,3,42780405,The Rescuers1983 Re-release,18,false
1984,4,37552640,Silkwood,19,false
1984,5,33292145,Terms of Endearment,16,false
1984,6,28737250,Unfaithfully Yours,17,false
1984,7,57118693,Footloose,18,false
1984,8,35762525,Footloose,13,false
1984,9,43689987,Footloose,18,false
1984,10,48279901,Splash,20,false
1984,11,46313624,Splash,17,false
1984,12,52614508,Police Academy,16,false
1984,13,55798423,Police Academy,18,false
1984,14,59234284,Police Academy,16,false
1984,15,73538493,Friday the 13th: The Final Chapter,16,false
1984,16,55919797,Police Academy,15,false
1984,17,42226280,Police Academy,16,false
1984,18,50293876,Breakin',17,false
1984,19,48859156,The Natural,15,false
1984,20,51975299,Indiana Jones and the Temple of Doom,16,false
1984,21,85059499,Indiana Jones and the Temple of Doom,16,false
1984,22,85565720,Star Trek III: The Search for Spock,18,false
1984,23,107916805,Ghostbusters,16,false
1984,24,89510881,Ghostbusters,14,false
1984,25,112136798,Ghostbusters,17,false
1984,26,108938213,Ghostbusters,14,false
1984,27,84156749,Ghostbusters,12,false
1984,28,82216298,Ghostbusters,14,false
1984,29,95347829,Ghostbusters,18,false
1984,30,87399336,Purple Rain,18,false
1984,31,71920445,Ghostbusters,18,false
1984,32,78220716,Red Dawn,20,false
1984,33,91177220,Tightrope,18,false
1984,34,59754495,Tightrope,15,false
1984,35,58862605,Tightrope,16,false
1984,36,36399931,Tightrope,16,false
1984,37,37392890,Ghostbusters,19,false
1984,38,39773502,All of Me,20,false
1984,39,46337997,All of Me,24,false
1984,40,45507319,Teachers,21,false
1984,41,38122109,Indiana Jones and the Temple of Doom,17,false
1984,42,40369589,Teachers,20,false
1984,43,49486416,The Terminator,20,false
1984,44,33796214,The Terminator,16,false
1984,45,39044691,"Oh, God! You Devil",19,false
1984,46,52601787,Missing in Action,23,false
1984,47,45532752,Supergirl,18,false
1984,48,28110057,The Terminator,16,false
1984,49,54745503,Beverly Hills Cop,16,false
1984,50,51198039,Beverly Hills Cop,17,false
1984,51,84538343,Beverly Hills Cop,20,false
1984,52,97435245,Beverly Hills Cop,20,false
1985,1,64992764,Beverly Hills Cop,21,false
1985,2,48745336,Beverly Hills Cop,29,false
1985,3,38353009,Beverly Hills Cop,32,false
1985,4,44579383,Beverly Hills Cop,27,false
1985,5,70432337,A Nightmare on Elm Street,22,false
1985,6,52768658,Beverly Hills Cop,19,false
1985,7,52711965,Beverly Hills Cop,17,false
1985,8,39278192,Beverly Hills Cop,15,false
1985,9,40462309,Beverly Hills Cop,17,false
1985,10,33291693,Witness,13,false
1985,11,35313145,Beverly Hills Cop,16,false
1985,12,60350124,Friday the 13th: A New Beginning,19,false
1985,13,75422940,Police Academy 2: Their First Assignment,19,false
1985,14,61142432,Police Academy 2: Their First Assignment,17,false
1985,15,53415597,Police Academy 2: Their First Assignment,19,false
1985,16,51555333,Police Academy 2: Their First Assignment,20,false
1985,17,52853128,The Breakfast Club,16,false
1985,18,40004250,Code of Silence,16,false
1985,19,34720493,Code of Silence,16,false
1985,20,34701468,Rambo: First Blood Part II,15,false
1985,21,75317153,Rambo: First Blood Part II,14,false
1985,22,64133309,Rambo: First Blood Part II,14,false
1985,23,84397934,Rambo: First Blood Part II,15,false
1985,24,68061100,Rambo: First Blood Part II,15,false
1985,25,77417104,Cocoon,15,false
1985,26,84635119,Pale Rider,16,false
1985,27,91257715,Back to the Future,15,false
1985,28,93192620,Back to the Future,17,false
1985,29,90942426,Back to the Future,18,false
1985,30,95584928,National Lampoon's European Vacation,18,false
1985,31,90351782,Back to the Future,17,false
1985,32,80016810,Back to the Future,17,false
1985,33,78712505,Back to the Future,20,false
1985,34,79514704,Back to the Future,20,false
1985,35,58563363,Back to the Future,18,false
1985,36,40720934,Back to the Future,17,false
1985,37,26249537,Back to the Future,18,false
1985,38,25297662,Back to the Future,15,false
1985,39,30852211,Invasion U.S.A.,18,false
1985,40,40249880,Commando,19,false
1985,41,43506798,Commando,16,false
1985,42,37463817,Commando,19,false
1985,43,37950328,Jagged Edge,21,false
1985,44,43007408,Death Wish 3,17,false
1985,45,39515101,Death Wish 3,18,false
1985,46,29077321,Once Bitten,17,false
1985,47,48267161,Rocky IV,20,false
1985,48,58037023,Rocky IV,18,false
1985,49,48251032,Rocky IV,19,false
1985,50,44156571,The Jewel of the Nile,15,false
1985,51,92568617,Rocky IV,20,false
1985,52,103118366,Rocky IV,16,false
1986,1,63793994,Rocky IV,14,false
1986,2,43726012,Out of Africa,13,false
1986,3,64774707,The Color Purple,21,false
1986,4,38370447,The Color Purple,18,false
1986,5,53809906,Down and Out in Beverly Hills,20,false
1986,6,51415947,Down and Out in Beverly Hills,19,false
1986,7,68313958,Down and Out in Beverly Hills,21,false
1986,8,65752907,The Jewel of the Nile,21,false
1986,9,58953529,House,18,false
1986,10,44743910,Pretty in Pink,16,false
1986,11,46192384,Gung Ho,16,false
1986,12,68411054,Police Academy 3: Back in Training,20,false
1986,13,68216098,The Money Pit,21,false
1986,14,38423756,Police Academy 3: Back in Training,14,false
1986,15,35292681,The Money Pit,17,false
1986,16,47856985,Out of Africa,21,false
1986,17,27012731,Legend,18,false
1986,18,24742186,"Jo Jo Dancer, Your Life Is Calling",12,false
1986,19,25771459,Short Circuit,13,false
1986,20,37391048,Top Gun,16,false
1986,21,74544964,Cobra,16,false
1986,22,44937738,Top Gun,13,false
1986,23,55981491,Top Gun,17,false
1986,24,66446923,Back to School,17,false
1986,25,81655904,The Karate Kid Part II,15,false
1986,26,87375519,The Karate Kid Part II,16,false
1986,27,104657713,The Karate Kid Part II,17,false
1986,28,79871596,The Karate Kid Part II,14,false
1986,29,83646465,Aliens,17,false
1986,30,85284470,Aliens,19,false
1986,31,83920552,Aliens,21,false
1986,32,81433495,Friday the 13th Part VI: Jason Lives,21,false
1986,33,89083733,The Fly,23,false
1986,34,64677162,The Fly,23,false
1986,35,62814831,Stand by Me,23,false
1986,36,42867461,Top Gun,22,false
1986,37,27400634,Top Gun,17,false
1986,38,35758958,Mona Lisa,19,false
1986,39,37585198,Crocodile Dundee,20,false
1986,40,39815517,Crocodile Dundee,20,false
1986,41,70496119,Crocodile Dundee,21,false
1986,42,46315873,Crocodile Dundee,19,false
1986,43,51824164,Crocodile Dundee,19,false
1986,44,41287978,Crocodile Dundee,18,false
1986,45,44063259,Crocodile Dundee,22,false
1986,46,35241420,Crocodile Dundee,22,false
1986,47,66143814,Crocodile Dundee,28,false
1986,48,71863729,Star Trek IV: The Voyage Home,23,false
1986,49,52304999,Star Trek IV: The Voyage Home,21,false
1986,50,59082753,The Golden Child,16,false
1986,51,80208063,The Golden Child,19,false
1986,52,127257408,The Golden Child,18,false
1987,1,66497517,The Golden Child,16,false
1987,2,52913541,The Golden Child,18,false
1987,3,62437827,Critical Condition,21,false
1987,4,55528486,An American Tail,19,false
1987,5,69369803,Platoon,19,false
1987,6,51597705,Platoon,19,false
1987,7,66062688,Platoon,20,false
1987,8,46680424,Platoon,16,false
1987,9,63162469,A Nightmare on Elm Street 3: Dream Warriors,20,false
1987,10,58576680,Lethal Weapon,19,false
1987,11,60536691,Lethal Weapon,18,false
1987,12,57973781,Lethal Weapon,22,false
1987,13,54410535,Blind Date,24,false
1987,14,63727119,Police Academy 4: Citizens on Patrol,22,false
1987,15,59105235,The Secret of My Success,20,false
1987,16,57660775,The Secret of My Success,18,false
1987,17,40913243,The Secret of My Success,18,false
1987,18,44305195,The Secret of My Success,20,false
1987,19,39931690,My Life as a Dog,18,false
1987,20,44863440,Beverly Hills Cop II,18,false
1987,21,74023815,Beverly Hills Cop II,16,false
1987,22,49205806,Beverly Hills Cop II,15,false
1987,23,65018783,The Untouchables,21,false
1987,24,90351961,Predator,20,false
1987,25,71659925,The Witches of Eastwick,15,false
1987,26,98193025,Dragnet,16,false
1987,27,88251828,Dragnet,14,false
1987,28,83594174,Revenge of the Nerds II: Nerds in Paradise,17,false
1987,29,93283950,Snow White and the Seven Dwarfs1987 Re-release,21,false
1987,30,91467400,Summer School,22,false
1987,31,97759317,The Living Daylights,21,false
1987,32,106057325,The Living Daylights,25,false
1987,33,108738555,Stakeout,24,false
1987,34,69405746,Stakeout,21,false
1987,35,81103945,Snow White and the Seven Dwarfs1987 Re-release,23,false
1987,36,54168578,Stakeout,16,false
1987,37,38108247,Stakeout,20,false
1987,38,59581707,Fatal Attraction,24,false
1987,39,44949985,Fatal Attraction,21,false
1987,40,48404678,Fatal Attraction,22,false
1987,41,58675837,Fatal Attraction,24,false
1987,42,40769995,Fatal Attraction,23,false
1987,43,54273286,Fatal Attraction,20,false
1987,44,40508267,Fatal Attraction,16,false
1987,45,61654684,Fatal Attraction,21,false
1987,46,51695001,The Running Man,21,false
1987,47,77449278,The Running Man,27,false
1987,48,69090236,Three Men and a Baby,18,false
1987,49,40249087,Three Men and a Baby,14,false
1987,50,53914465,Throw Momma from the Train,19,false
1987,51,74351661,Eddie Murphy: Raw,22,false
1987,52,115544934,Three Men and a Baby,20,false
1988,1,80765348,Three Men and a Baby,19,false
1988,2,57716498,Three Men and a Baby,18,false
1988,3,85586320,"Good Morning, Vietnam",19,false
1988,4,58381709,"Good Morning, Vietnam",22,false
1988,5,55285996,"Good Morning, Vietnam",24,false
1988,6,62441054,"Good Morning, Vietnam",25,false
1988,7,73815791,"Good Morning, Vietnam",21,false
1988,8,48843005,"Good Morning, Vietnam",15,false
1988,9,48930123,"Good Morning, Vietnam",22,false
1988,10,51019174,"Good Morning, Vietnam",20,false
1988,11,55195422,School Daze,21,false
1988,12,58258123,Bloodsport,23,false
1988,13,65136956,Biloxi Blues,23,false
1988,14,74203292,Beetlejuice,24,false
1988,15,58191030,Beetlejuice,25,false
1988,16,69460306,Beetlejuice,25,false
1988,17,55783431,Beetlejuice,22,false
1988,18,45224483,Colors,22,false
1988,19,38040397,Colors,23,false
1988,20,37364614,Friday the 13th Part VII: The New Blood,19,false
1988,21,52157332,Willow,22,false
1988,22,83866338,Crocodile Dundee II,20,false
1988,23,72607229,Crocodile Dundee II,17,false
1988,24,80368383,Crocodile Dundee II,19,false
1988,25,88752884,Red Heat,18,false
1988,26,95266039,Who Framed Roger Rabbit,15,false
1988,27,110043679,Coming to America,14,false
1988,28,102163256,Coming to America,17,false
1988,29,107931843,The Dead Pool,19,false
1988,30,117785684,Who Framed Roger Rabbit,23,false
1988,31,112393745,Cocktail,20,false
1988,32,88635625,Cocktail,20,false
1988,33,96262833,Young Guns,23,false
1988,34,92684860,A Nightmare on Elm Street 4: The Dream Master,20,false
1988,35,70897358,A Nightmare on Elm Street 4: The Dream Master,22,false
1988,36,65440836,A Nightmare on Elm Street 4: The Dream Master,22,false
1988,37,46505089,Moon Over Parador,27,false
1988,38,37834532,Tucker: The Man and His Dream,24,false
1988,39,39474538,Dead Ringers,27,false
1988,40,50157142,Coming to America,27,false
1988,41,52043635,Alien Nation,21,false
1988,42,36130982,The Accused,23,false
1988,43,53835306,Halloween 4: The Return of Michael Myers,24,false
1988,44,30710403,Halloween 4: The Return of Michael Myers,17,false
1988,45,56044127,Die Hard,20,false
1988,46,52156467,Child's Play,21,false
1988,47,71098734,The Land Before Time,28,false
1988,48,70156321,Scrooged,24,false
1988,49,64963685,The Naked Gun,21,false
1988,50,52188416,Twins,16,false
1988,51,69857037,Twins,20,false
1988,52,105961271,Twins,23,false
1988,53,89945784,Rain Man,21,false
1989,1,67254807,Rain Man,21,false
1989,2,82656628,Rain Man,22,false
1989,3,55732503,Rain Man,23,false
1989,4,77995296,Rain Man,26,false
1989,5,56410544,Rain Man,19,false
1989,6,60375179,The Fly II,16,false
1989,7,80649646,The 'Burbs,20,false
1989,8,59667269,The 'Burbs,22,false
1989,9,56559992,Lean on Me,23,false
1989,10,53792770,Lean on Me,23,false
1989,11,66032992,Fletch Lives,22,false
1989,12,61395419,Fletch Lives,20,false
1989,13,50038486,Rain Man,22,false
1989,14,54350841,Major League,23,false
1989,15,50316758,Major League,23,false
1989,16,76597913,Pet Sematary,27,false
1989,17,57638031,Pet Sematary,24,false
1989,18,50110989,Pet Sematary,21,false
1989,19,48483048,"See No Evil, Hear No Evil",20,false
1989,20,53733930,Indiana Jones and the Last Crusade,21,false
1989,21,96442323,Indiana Jones and the Last Crusade,21,false
1989,22,75270234,Indiana Jones and the Last Crusade,22,false
1989,23,99528062,Star Trek V: The Final Frontier,21,false
1989,24,112732200,Ghostbusters II,17,false
1989,25,155465524,Batman,16,false
1989,26,168188671,Batman,17,false
1989,27,139232849,Lethal Weapon 2,17,false
1989,28,136209694,Lethal Weapon 2,16,false
1989,29,120865663,Lethal Weapon 2,16,false
1989,30,111741247,Turner & Hooch,20,false
1989,31,119918567,Parenthood,23,false
1989,32,112855092,The Abyss,20,false
1989,33,110277116,Uncle Buck,22,false
1989,34,73781726,Uncle Buck,26,false
1989,35,80751593,Uncle Buck,27,false
1989,36,57247520,Uncle Buck,20,false
1989,37,58016084,Sea of Love,21,false
1989,38,54403070,Black Rain,19,false
1989,39,41032987,Black Rain,18,false
1989,40,48762983,Black Rain,21,false
1989,41,71349778,Look Who's Talking,22,false
1989,42,59375604,Look Who's Talking,18,false
1989,43,61691558,Look Who's Talking,23,false
1989,44,56042925,Look Who's Talking,23,false
1989,45,52946573,Look Who's Talking,26,false
1989,46,104147605,Harlem Nights,30,false
1989,47,101015417,Back to the Future Part II,19,false
1989,48,67427370,National Lampoon's Christmas Vacation,16,false
1989,49,63692761,The War of the Roses,19,false
1989,50,67860801,National Lampoon's Christmas Vacation,23,false
1989,51,94609252,National Lampoon's Christmas Vacation,26,false
1989,52,102371231,The War of the Roses,24,false
1990,1,84353473,Born on the Fourth of July,22,false
1990,2,88048783,Born on the Fourth of July,22,false
1990,3,62198833,Born on the Fourth of July,22,false
1990,4,67687678,Driving Miss Daisy,22,false
1990,5,56434562,Driving Miss Daisy,22,false
1990,6,57374824,Hard to Kill,23,false
1990,7,76793800,Driving Miss Daisy,27,false
1990,8,66033093,Look Who's Talking,28,false
1990,9,71442470,The Hunt for Red October,21,false
1990,10,66781945,The Hunt for Red October,22,false
1990,11,72685920,The Hunt for Red October,23,false
1990,12,70769775,Pretty Woman,23,false
1990,13,102086501,Teenage Mutant Ninja Turtles,22,false
1990,14,102260148,Teenage Mutant Ninja Turtles,22,false
1990,15,83706017,Teenage Mutant Ninja Turtles,19,false
1990,16,57862756,Teenage Mutant Ninja Turtles,21,false
1990,17,67537704,Pretty Woman,22,false
1990,18,61428280,Pretty Woman,24,false
1990,19,41293971,Pretty Woman,23,false
1990,20,61014189,Bird on a Wire,18,false
1990,21,81429867,Back to the Future Part III,14,false
1990,22,88150127,Total Recall,16,false
1990,23,84373719,Another 48 Hrs.,14,false
1990,24,116614892,Dick Tracy,15,false
1990,25,112530872,Dick Tracy,15,false
1990,26,118849978,Days of Thunder,14,false
1990,27,124324702,Die Hard 2,14,false
1990,28,127799394,Die Hard 2,17,false
1990,29,118299121,Ghost,20,false
1990,30,122893739,Presumed Innocent,21,false
1990,31,127164287,Ghost,23,false
1990,32,108592216,Flatliners,21,false
1990,33,119106347,Ghost,23,false
1990,34,107915050,Darkman,25,false
1990,35,71049947,Ghost,20,false
1990,36,48559641,Ghost,21,false
1990,37,70255636,Postcards from the Edge,24,false
1990,38,65298324,Goodfellas,23,false
1990,39,60503544,Pacific Heights,21,false
1990,40,62510936,Marked for Death,21,false
1990,41,62645144,Marked for Death,27,false
1990,42,58692698,Marked for Death,23,false
1990,43,55582771,Graveyard Shift,21,false
1990,44,61884378,Jacob's Ladder,25,false
1990,45,57909880,Child's Play 2,21,false
1990,46,104010800,Home Alone,27,false
1990,47,105840986,Home Alone,20,false
1990,48,69180041,Home Alone,16,false
1990,49,61709591,Home Alone,15,false
1990,50,78717698,Home Alone,17,false
1990,51,133728984,Home Alone,26,false
1990,52,157095225,Home Alone,24,false
1991,1,91188365,Home Alone,22,false
1991,2,88240534,Home Alone,23,false
1991,3,93550923,Home Alone,28,false
1991,4,81567843,Home Alone,26,false
1991,5,75281491,Home Alone,26,false
1991,6,103751359,Sleeping with the Enemy,31,false
1991,7,108176109,The Silence of the Lambs,20,false
1991,8,79930356,The Silence of the Lambs,17,false
1991,9,76044698,The Silence of the Lambs,19,false
1991,10,90799629,The Silence of the Lambs,25,false
1991,11,79232807,The Silence of the Lambs,23,false
1991,12,96091061,Teenage Mutant Ninja Turtles II: The Secret of the Ooze,25,false
1991,13,78148962,Teenage Mutant Ninja Turtles II: The Secret of the Ooze,21,false
1991,14,66694904,Teenage Mutant Ninja Turtles II: The Secret of the Ooze,20,false
1991,15,57685656,Out for Justice,19,false
1991,16,55083951,Out for Justice,16,false
1991,17,50721003,Oscar,23,false
1991,18,42067247,Oscar,20,false
1991,19,52515648,F/X2,23,false
1991,20,53896535,What About Bob?,26,false
1991,21,97143751,Backdraft,27,false
1991,22,67831157,Backdraft,18,false
1991,23,86317197,City Slickers,20,false
1991,24,101380708,Robin Hood: Prince of Thieves,17,false
1991,25,108867478,Robin Hood: Prince of Thieves,18,false
1991,26,140931592,The Naked Gun 2½: The Smell of Fear,22,false
1991,27,147539347,Terminator 2: Judgment Day,21,false
1991,28,151048879,Terminator 2: Judgment Day,19,false
1991,29,125718279,Terminator 2: Judgment Day,20,false
1991,30,117497140,Terminator 2: Judgment Day,21,false
1991,31,107540364,Hot Shots!,21,false
1991,32,93972890,Hot Shots!,23,false
1991,33,77392558,Hot Shots!,23,false
1991,34,83652694,Point Break,27,false
1991,35,63707093,Dead Again,23,false
1991,36,52940133,Dead Again,24,false
1991,37,49449594,Freddy's Dead: The Final Nightmare,17,false
1991,38,46085878,Freddy's Dead: The Final Nightmare,22,false
1991,39,60511647,The Fisher King,23,false
1991,40,59026742,The Fisher King,27,false
1991,41,59642432,The Fisher King,28,false
1991,42,54694070,Other People's Money,22,false
1991,43,51181109,House Party 2,21,false
1991,44,70650676,The People Under the Stairs,22,false
1991,45,51840878,Curly Sue,18,false
1991,46,56990709,Cape Fear,23,false
1991,47,104270061,The Addams Family,25,false
1991,48,86672451,The Addams Family,20,false
1991,49,71429224,Star Trek VI: The Undiscovered Country,22,false
1991,50,70961979,Hook,19,false
1991,51,116223230,Hook,19,false
1991,52,177353131,Hook,23,false
1992,1,96538165,Hook,19,false
1992,2,87991764,The Hand That Rocks the Cradle,23,false
1992,3,95645942,The Hand That Rocks the Cradle,21,false
1992,4,79391330,The Hand That Rocks the Cradle,19,false
1992,5,71501782,The Hand That Rocks the Cradle,17,false
1992,6,64942701,Medicine Man,18,false
1992,7,93877164,Wayne's World,22,false
1992,8,77606181,Wayne's World,25,false
1992,9,66019781,Wayne's World,27,false
1992,10,78582875,Wayne's World,25,false
1992,11,71787513,Wayne's World,26,false
1992,12,91848984,Basic Instinct,30,false
1992,13,93037547,White Men Can't Jump,30,false
1992,14,100286819,Basic Instinct,27,false
1992,15,84783864,Sleepwalkers,23,false
1992,16,81665492,Basic Instinct,23,false
1992,17,63138106,Basic Instinct,26,false
1992,18,43088840,Basic Instinct,27,false
1992,19,39191168,Basic Instinct,27,false
1992,20,79385760,Lethal Weapon 3,26,false
1992,21,114770296,Lethal Weapon 3,20,false
1992,22,81838246,Lethal Weapon 3,18,false
1992,23,102419265,Patriot Games,15,false
1992,24,84367221,Patriot Games,14,false
1992,25,132015040,Batman Returns,16,false
1992,26,125165694,Batman Returns,22,false
1992,27,125861734,A League of Their Own,20,false
1992,28,120828051,A League of Their Own,17,false
1992,29,112363020,"Honey, I Blew Up the Kid",16,false
1992,30,87334518,Mo' Money,16,false
1992,31,84471139,Death Becomes Her,19,false
1992,32,106815113,Unforgiven,24,false
1992,33,92941501,Unforgiven,21,false
1992,34,76041109,Unforgiven,25,false
1992,35,63274466,Honeymoon in Vegas,20,false
1992,36,52137564,Honeymoon in Vegas,21,false
1992,37,57368755,Sneakers,31,false
1992,38,59958937,Sneakers,29,false
1992,39,80778107,The Last of the Mohicans,26,false
1992,40,72824721,The Last of the Mohicans,23,false
1992,41,72535207,Under Siege,23,false
1992,42,69014039,Under Siege,23,false
1992,43,64671404,Under Siege,23,false
1992,44,43750843,Under Siege,19,false
1992,45,63322394,Passenger 57,22,false
1992,46,83208929,Bram Stoker's Dracula,24,false
1992,47,126963094,Home Alone 2: Lost in New York,22,false
1992,48,124302113,Home Alone 2: Lost in New York,19,false
1992,49,76576699,Home Alone 2: Lost in New York,18,false
1992,50,82917946,A Few Good Men,20,false
1992,51,110495239,A Few Good Men,18,false
1992,52,183603217,Aladdin,22,false
1993,1,104886500,Aladdin,20,false
1993,2,78995731,A Few Good Men,23,false
1993,3,97233042,Aladdin,26,false
1993,4,83521647,Aladdin,26,false
1993,5,62785205,Aladdin,25,false
1993,6,85807587,Loaded Weapon 1,27,false
1993,7,97905544,Groundhog Day,27,false
1993,8,77838747,Groundhog Day,26,false
1993,9,77852817,Falling Down,27,false
1993,10,69963748,Falling Down,26,false
1993,11,69561640,Fire in the Sky,26,false
1993,12,72624561,Teenage Mutant Ninja Turtles III,22,false
1993,13,60122131,Teenage Mutant Ninja Turtles III,25,false
1993,14,73804394,Cop & ½,24,false
1993,15,82087821,Indecent Proposal,22,false
1993,16,63011126,Indecent Proposal,24,false
1993,17,82247115,Like Water for Chocolate,25,false
1993,18,58816988,Indecent Proposal,26,false
1993,19,55862713,Dragon: The Bruce Lee Story,25,false
1993,20,57383224,Dave,22,false
1993,21,75542340,Sliver,22,false
1993,22,117756407,Cliffhanger,21,false
1993,23,82484268,Cliffhanger,23,false
1993,24,135733636,Jurassic Park,21,false
1993,25,132039248,Jurassic Park,18,false
1993,26,142649921,Jurassic Park,20,false
1993,27,181632163,The Firm,19,false
1993,28,160377210,The Firm,19,false
1993,29,151454460,The Firm,21,false
1993,30,137109760,In the Line of Fire,20,false
1993,31,140296961,Rising Sun,22,false
1993,32,139982169,The Fugitive,24,false
1993,33,123768838,The Fugitive,24,false
1993,34,97470770,The Fugitive,24,false
1993,35,88444090,The Fugitive,28,false
1993,36,81870763,The Fugitive,26,false
1993,37,64758551,The Fugitive,26,false
1993,38,60622752,Striking Distance,25,false
1993,39,75918311,The Good Son,26,false
1993,40,90268721,Malice,27,false
1993,41,89139023,Demolition Man,23,false
1993,42,81124635,Demolition Man,25,false
1993,43,79161267,Demolition Man,23,false
1993,44,56176365,The Nightmare Before Christmas,21,false
1993,45,73459889,The Nightmare Before Christmas,22,false
1993,46,76954379,The Three Musketeers,25,false
1993,47,102811639,Addams Family Values,31,false
1993,48,100650603,Mrs. Doubtfire,24,false
1993,49,64854786,Mrs. Doubtfire,21,false
1993,50,73035757,Wayne's World 2,25,false
1993,51,93553263,The Pelican Brief,24,false
1993,52,139831239,Mrs. Doubtfire,23,false
1993,53,113301121,Mrs. Doubtfire,24,false
1994,1,99789193,Mrs. Doubtfire,26,false
1994,2,100138222,Philadelphia,28,false
1994,3,85606982,Philadelphia,29,false
1994,4,80993888,Mrs. Doubtfire,26,false
1994,5,86645853,Ace Ventura: Pet Detective,29,false
1994,6,89935289,Ace Ventura: Pet Detective,29,false
1994,7,100545484,On Deadly Ground,24,false
1994,8,69934987,On Deadly Ground,22,false
1994,9,67000589,Ace Ventura: Pet Detective,23,false
1994,10,77786048,Guarding Tess,28,false
1994,11,79692390,Naked Gun 33 1/3: The Final Insult,34,false
1994,12,69780120,Naked Gun 33 1/3: The Final Insult,28,false
1994,13,89313819,D2: The Mighty Ducks,28,false
1994,14,69222693,D2: The Mighty Ducks,23,false
1994,15,60787883,Four Weddings and a Funeral,29,false
1994,16,59260867,Four Weddings and a Funeral,28,false
1994,17,53514726,Four Weddings and a Funeral,26,false
1994,18,46551697,Four Weddings and a Funeral,28,false
1994,19,67006558,When a Man Loves a Woman,27,false
1994,20,82745177,Maverick,27,false
1994,21,121261116,The Flintstones,20,false
1994,22,90980345,The Flintstones,22,false
1994,23,100163144,Speed,22,false
1994,24,116524898,Wolf,19,false
1994,25,147908772,The Lion King,16,false
1994,26,165232024,The Lion King,22,false
1994,27,153335328,Forrest Gump,18,false
1994,28,156227495,True Lies,18,false
1994,29,166901974,Forrest Gump,18,false
1994,30,167510423,The Mask,19,false
1994,31,164956659,Clear and Present Danger,19,false
1994,32,127424171,Clear and Present Danger,15,false
1994,33,114786319,Forrest Gump,18,false
1994,34,98214712,Natural Born Killers,22,false
1994,35,94755502,Forrest Gump,22,false
1994,36,72376166,Forrest Gump,25,false
1994,37,63280860,Timecop,24,false
1994,38,68906232,Timecop,27,false
1994,39,68230648,The River Wild,27,false
1994,40,76667230,The Specialist,19,false
1994,41,85808726,Pulp Fiction,24,false
1994,42,65777835,Pulp Fiction,22,false
1994,43,77062044,Stargate,25,false
1994,44,74583103,Stargate,24,false
1994,45,109172661,Interview with the Vampire: The Vampire Chronicles,21,false
1994,46,157535899,Star Trek: Generations,27,false
1994,47,113422141,The Santa Clause,20,false
1994,48,64852851,The Santa Clause,18,false
1994,49,58398769,Disclosure,16,false
1994,50,99147521,Dumb and Dumber,24,false
1994,51,154850467,Dumb and Dumber,29,false
1994,52,132059588,Dumb and Dumber,28,false
1995,1,88511260,Dumb and Dumber,27,false
1995,2,127033512,Higher Learning,26,false
1995,3,78241231,Legends of the Fall,22,false
1995,4,66766548,Legends of the Fall,23,false
1995,5,74347181,Legends of the Fall,28,false
1995,6,73938830,The Quick and the Dead,26,false
1995,7,87234290,The Brady Bunch Movie,25,false
1995,8,64434263,The Brady Bunch Movie,22,false
1995,9,74449150,Dumb and Dumber,22,false
1995,10,63228117,Outbreak,24,false
1995,11,73089838,Outbreak,27,false
1995,12,74684192,Outbreak,27,false
1995,13,64388062,Tommy Boy,22,false
1995,14,85239520,Bad Boys,23,false
1995,15,80319348,Bad Boys,19,false
1995,16,78779169,While You Were Sleeping,27,false
1995,17,78438303,While You Were Sleeping,28,false
1995,18,65809624,French Kiss,21,false
1995,19,70407980,Crimson Tide,19,false
1995,20,88651741,Die Hard with a Vengeance,18,false
1995,21,133617798,Casper,19,false
1995,22,107239615,Casper,22,false
1995,23,105608481,Congo,20,false
1995,24,152081880,Batman Forever,19,false
1995,25,144984086,Pocahontas,22,false
1995,26,181855617,Apollo 13,23,false
1995,27,138208332,Apollo 13,20,false
1995,28,149905412,Apollo 13,25,false
1995,29,146532761,Clueless,26,false
1995,30,145547029,Waterworld,23,false
1995,31,134247117,Waterworld,25,false
1995,32,129354468,Dangerous Minds,24,false
1995,33,134339141,Mortal Kombat,30,false
1995,34,110071450,Mortal Kombat,32,false
1995,35,89972569,Mortal Kombat,27,false
1995,36,71264878,"To Wong Foo Thanks for Everything, Julie Newmar",29,false
1995,37,65346698,"To Wong Foo Thanks for Everything, Julie Newmar",28,false
1995,38,69386260,Se7en,30,false
1995,39,75353606,Se7en,29,false
1995,40,86442204,Se7en,26,false
1995,41,67301049,Se7en,24,false
1995,42,81990240,Get Shorty,27,false
1995,43,70707425,Get Shorty,27,false
1995,44,73935178,Get Shorty,29,false
1995,45,93571509,Ace Ventura: When Nature Calls,28,false
1995,46,140130288,GoldenEye,32,false
1995,47,136127747,Toy Story,22,false
1995,48,80996942,Toy Story,19,false
1995,49,65081078,Toy Story,18,false
1995,50,91983797,Toy Story,24,false
1995,51,186874873,Toy Story,24,false
1995,52,167779074,Toy Story,27,false
1996,1,109912492,12 Monkeys,22,false
1996,2,117829840,12 Monkeys,22,false
1996,3,96635363,From Dusk Till Dawn,21,false
1996,4,83383966,Mr. Holland's Opus,23,false
1996,5,98877513,Black Sheep,24,false
1996,6,87880843,Broken Arrow,26,false
1996,7,114765753,Broken Arrow,30,false
1996,8,82439761,Rumble in the Bronx,23,false
1996,9,83073994,Up Close & Personal,25,false
1996,10,91793466,The Birdcage,24,false
1996,11,89774764,The Birdcage,27,false
1996,12,88377684,The Birdcage,27,false
1996,13,94081361,The Birdcage,30,false
1996,14,90795634,Primal Fear,23,false
1996,15,77601169,Primal Fear,19,false
1996,16,62714823,Primal Fear,19,false
1996,17,64719835,The Quest,22,false
1996,18,59301274,The Craft,22,false
1996,19,98032183,Twister,24,false
1996,20,97864767,Twister,20,false
1996,21,147383341,Mission: Impossible,16,false
1996,22,110060596,Mission: Impossible,15,false
1996,23,115295954,The Rock,15,false
1996,24,117382266,The Cable Guy,18,false
1996,25,141777627,Eraser,19,false
1996,26,209763708,Independence Day,15,false
1996,27,193050091,Independence Day,14,false
1996,28,158364562,Independence Day,15,false
1996,29,138318343,Independence Day,20,false
1996,30,132319618,A Time to Kill,25,false
1996,31,129652886,A Time to Kill,28,false
1996,32,110382198,Jack,24,false
1996,33,105868952,Tin Cup,23,false
1996,34,101738071,Tin Cup,26,false
1996,35,97366628,The Crow: City of Angels,27,false
1996,36,59632910,Bulletproof,21,false
1996,37,57231742,Maximum Risk,25,false
1996,38,71327646,The First Wives Club,23,false
1996,39,65947958,The First Wives Club,23,false
1996,40,64290620,The First Wives Club,24,false
1996,41,76136866,The Ghost and the Darkness,25,false
1996,42,66017768,Sleepers,19,false
1996,43,69054998,Sleepers,24,false
1996,44,78172124,Romeo + Juliet,25,false
1996,45,95702479,Ransom,23,false
1996,46,103798791,Space Jam,21,false
1996,47,151376978,Star Trek: First Contact,24,false
1996,48,133407750,101 Dalmatians,20,false
1996,49,70273297,101 Dalmatians,18,false
1996,50,87012040,Jerry Maguire,21,false
1996,51,157200985,Beavis and Butt-Head Do America,27,false
1996,52,202748930,Michael,25,false
1997,1,112952224,Jerry Maguire,23,false
1997,2,104268463,The Relic,23,false
1997,3,111535066,Beverly Hills Ninja,24,false
1997,4,82833193,Evita,27,false
1997,5,116097721,Star Wars: Episode IV - A New Hope1997 Special Edition,29,false
1997,6,112415150,Star Wars: Episode IV - A New Hope1997 Special Edition,31,false
1997,7,140564268,Star Wars: Episode IV - A New Hope1997 Special Edition,32,false
1997,8,116376261,Star Wars: Episode V - The Empire Strikes Back1997 Special Edition,35,false
1997,9,105842087,Star Wars: Episode V - The Empire Strikes Back1997 Special Edition,33,false
1997,10,105117588,Private Parts,28,false
1997,11,101196127,Star Wars: Episode VI - Return of the Jedi1997 Special Edition,30,false
1997,12,128421627,Liar Liar,33,false
1997,13,133358717,Liar Liar,27,false
1997,14,97329393,Liar Liar,23,false
1997,15,98156196,Anaconda,19,false
1997,16,80818182,Anaconda,20,false
1997,17,71551131,Volcano,24,false
1997,18,85400306,Breakdown,25,false
1997,19,87079691,The Fifth Element,25,false
1997,20,74848177,The Fifth Element,21,false
1997,21,164789964,The Lost World: Jurassic Park,19,false
1997,22,93665616,The Lost World: Jurassic Park,18,false
1997,23,96493841,Con Air,19,false
1997,24,91302026,Speed 2: Cruise Control,20,false
1997,25,143558433,Batman & Robin,19,false
1997,26,189668948,Hercules,23,false
1997,27,180651668,Men in Black,20,false
1997,28,154088415,Men in Black,18,false
1997,29,157369910,Men in Black,19,false
1997,30,166947989,Air Force One,21,false
1997,31,155574968,Air Force One,22,false
1997,32,132905493,Conspiracy Theory,24,false
1997,33,126380411,Cop Land,23,false
1997,34,115590524,G.I. Jane,29,false
1997,35,105288730,G.I. Jane,23,false
1997,36,66821597,Fire Down Below,25,false
1997,37,66232496,The Game,25,false
1997,38,77301725,In & Out,24,false
1997,39,89848657,The Peacemaker,24,false
1997,40,84406147,Kiss the Girls,24,false
1997,41,82082633,Kiss the Girls,28,false
1997,42,92061038,I Know What You Did Last Summer,25,false
1997,43,80415188,I Know What You Did Last Summer,24,false
1997,44,74189253,I Know What You Did Last Summer,23,false
1997,45,103388288,Starship Troopers,19,false
1997,46,93017586,The Jackal,25,false
1997,47,137440660,Mortal Kombat: Annihilation,25,false
1997,48,136943355,Flubber,21,false
1997,49,60080249,Flubber,17,false
1997,50,99830380,Scream 2,20,false
1997,51,189713422,Titanic,31,false
1997,52,267278826,Titanic,28,false
1998,1,155051592,Titanic,23,false
1998,2,130770956,Titanic,25,false
1998,3,149419376,Titanic,24,false
1998,4,106206981,Titanic,20,false
1998,5,107094253,Titanic,21,false
1998,6,109489826,Titanic,22,false
1998,7,141221437,Titanic,21,false
1998,8,102600965,Titanic,23,false
1998,9,88846173,Titanic,24,false
1998,10,109377146,Titanic,26,false
1998,11,103939421,Titanic,21,false
1998,12,111824717,Titanic,25,false
1998,13,98006435,Titanic,29,false
1998,14,116610749,Lost in Space,27,false
1998,15,114799823,City of Angels,26,false
1998,16,89986866,City of Angels,30,false
1998,17,79699548,The Big Hit,26,false
1998,18,75131271,He Got Game,29,false
1998,19,99735274,Deep Impact,25,false
1998,20,100505580,Deep Impact,27,false
1998,21,163207495,Godzilla,25,false
1998,22,102041439,Godzilla,22,false
1998,23,124711340,The Truman Show,20,false
1998,24,126842448,The Truman Show,24,false
1998,25,155125566,The X Files,20,false
1998,26,186620592,Doctor Dolittle,25,false
1998,27,173023323,Armageddon,22,false
1998,28,191041748,Lethal Weapon 4,21,false
1998,29,187072827,The Mask of Zorro,22,false
1998,30,197835571,Saving Private Ryan,23,false
1998,31,185597566,Saving Private Ryan,24,false
1998,32,162708802,Saving Private Ryan,22,false
1998,33,143715989,Saving Private Ryan,24,false
1998,34,128456952,Blade,25,false
1998,35,108605218,Blade,30,false
1998,36,101026381,There's Something About Mary,30,false
1998,37,57865861,Rounders,24,false
1998,38,97182133,Rush Hour,25,false
1998,39,87914462,Rush Hour,24,false
1998,40,110326677,Antz,25,false
1998,41,91091258,Antz,23,false
1998,42,93272235,Practical Magic,21,false
1998,43,85109294,Pleasantville,22,false
1998,44,64735228,Vampires,22,false
1998,45,127384870,The Waterboy,19,false
1998,46,100727639,The Waterboy,20,false
1998,47,157541634,The Rugrats Movie,23,false
1998,48,142826562,A Bug's Life,17,false
1998,49,74906191,A Bug's Life,12,false
1998,50,80952335,Star Trek: Insurrection,14,false
1998,51,115764401,You've Got Mail,17,false
1998,52,338614415,Patch Adams,57,false
1999,1,153460234,Patch Adams,58,false
1999,2,124165926,A Civil Action,58,false
1999,3,148321531,Varsity Blues,62,false
1999,4,107125236,Varsity Blues,63,false
1999,5,92258105,She's All That,63,false
1999,6,103317870,Payback,62,false
1999,7,137227924,Message in a Bottle,62,false
1999,8,102793143,Message in a Bottle,62,false
1999,9,103361011,8MM,59,false
1999,10,111303905,Analyze This,63,false
1999,11,115209757,Analyze This,63,false
1999,12,103291848,Forces of Nature,62,false
1999,13,111818599,Forces of Nature,64,false
1999,14,130161016,The Matrix,63,false
1999,15,108068688,The Matrix,67,false
1999,16,105763366,Life,62,false
1999,17,80625758,The Matrix,59,false
1999,18,80799508,Entrapment,69,false
1999,19,113329714,The Mummy,64,false
1999,20,130797555,Star Wars: Episode I - The Phantom Menace,65,false
1999,21,161825432,Star Wars: Episode I - The Phantom Menace,62,false
1999,22,179504907,Star Wars: Episode I - The Phantom Menace,66,false
1999,23,129347238,Star Wars: Episode I - The Phantom Menace,70,false
1999,24,116450439,Star Wars: Episode I - The Phantom Menace,65,false
1999,25,200194271,Tarzan,62,false
1999,26,249436028,Big Daddy,67,false
1999,27,201115978,Wild Wild West,70,false
1999,28,181891707,American Pie,68,false
1999,29,188623507,Eyes Wide Shut,61,false
1999,30,213555386,The Haunting,71,false
1999,31,244053183,Runaway Bride,69,false
1999,32,236718286,The Sixth Sense,65,false
1999,33,191297323,The Sixth Sense,67,false
1999,34,156550120,The Sixth Sense,70,false
1999,35,152017637,The Sixth Sense,65,false
1999,36,113456347,The Sixth Sense,63,false
1999,37,104748640,Stigmata,71,false
1999,38,103402694,Blue Streak,68,false
1999,39,104784192,Double Jeopardy,68,false
1999,40,111778005,Double Jeopardy,60,false
1999,41,118849807,Double Jeopardy,68,false
1999,42,105707447,Fight Club,67,false
1999,43,99285125,The Best Man,64,false
1999,44,92353069,House on Haunted Hill,71,false
1999,45,127679162,The Bone Collector,67,false
1999,46,131431311,Pokémon: The First Movie - Mewtwo Strikes Back,62,false
1999,47,203903391,The World Is Not Enough,61,false
1999,48,189060226,Toy Story 2,62,false
1999,49,99549807,Toy Story 2,66,false
1999,50,101307881,The Green Mile,65,false
1999,51,150664825,Stuart Little,60,false
1999,52,240358802,Stuart Little,63,false
1999,53,162669347,Stuart Little,61,false
2000,1,131993048,Stuart Little,66,false
2000,2,146864839,Next Friday,62,false
2000,3,105857908,Next Friday,63,false
2000,4,86396534,Eye of the Beholder,66,false
2000,5,111490640,Scream 3,62,false
2000,6,120473955,Scream 3,64,false
2000,7,160155119,The Whole Nine Yards,71,false
2000,8,113200551,The Whole Nine Yards,59,false
2000,9,106254004,The Whole Nine Yards,63,false
2000,10,117478221,Mission to Mars,67,false
2000,11,128088254,Erin Brockovich,67,false
2000,12,118014933,Erin Brockovich,68,false
2000,13,115040956,Erin Brockovich,65,false
2000,14,108480524,Rules of Engagement,58,false
2000,15,118034100,Rules of Engagement,68,false
2000,16,124582713,U-571,66,false
2000,17,102710566,U-571,65,false
2000,18,118450802,Gladiator,60,false
2000,19,115252998,Gladiator,62,false
2000,20,171571285,Dinosaur,61,false
2000,21,218482777,Mission: Impossible II,66,false
2000,22,148080838,Mission: Impossible II,66,false
2000,23,144721146,Gone in 60 Seconds,62,false
2000,24,153955375,Shaft,63,false
2000,25,170379964,"Me, Myself & Irene",71,false
2000,26,241065097,The Perfect Storm,73,false
2000,27,214005003,Scary Movie,74,false
2000,28,234438018,X-Men,77,false
2000,29,212835087,What Lies Beneath,75,false
2000,30,196646139,Nutty Professor II: The Klumps,67,false
2000,31,192261181,Hollow Man,73,false
2000,32,160621711,Hollow Man,77,false
2000,33,141610630,The Cell,68,false
2000,34,124626485,Bring It On,65,false
2000,35,120019180,Bring It On,67,false
2000,36,77879907,The Watcher,68,false
2000,37,69790358,The Watcher,70,false
2000,38,79345451,The Exorcist2000 Director's Cut,74,false
2000,39,83206427,Remember the Titans,61,false
2000,40,115137291,Meet the Parents,67,false
2000,41,107465097,Meet the Parents,68,false
2000,42,103028714,Meet the Parents,67,false
2000,43,103319567,Meet the Parents,75,false
2000,44,132522330,Charlie's Angels,72,false
2000,45,128633068,Charlie's Angels,64,false
2000,46,266296476,How the Grinch Stole Christmas,67,false
2000,47,206107873,How the Grinch Stole Christmas,63,false
2000,48,109179405,How the Grinch Stole Christmas,63,false
2000,49,112303780,How the Grinch Stole Christmas,60,false
2000,50,154237176,What Women Want,58,false
2000,51,288555638,Cast Away,63,false
2000,52,235444046,Cast Away,69,false
2001,1,157667877,Cast Away,62,false
2001,2,197417615,Save the Last Dance,65,false
2001,3,146455933,Save the Last Dance,62,false
2001,4,125852408,The Wedding Planner,61,false
2001,5,123927533,The Wedding Planner,62,false
2001,6,166434335,Hannibal,62,false
2001,7,171357743,Hannibal,59,false
2001,8,113608503,Hannibal,59,false
2001,9,114421231,The Mexican,63,false
2001,10,101149588,The Mexican,64,false
2001,11,110860353,Exit Wounds,63,false
2001,12,108205453,Heartbreakers,63,false
2001,13,120392101,Spy Kids,61,false
2001,14,137976624,Spy Kids,68,false
2001,15,129292704,Spy Kids,65,false
2001,16,102378619,Bridget Jones's Diary,63,false
2001,17,86365566,Driven,64,false
2001,18,138734767,The Mummy Returns,64,false
2001,19,103654982,The Mummy Returns,63,false
2001,20,132281276,Shrek,34,false
2001,21,222453395,Pearl Harbor,59,false
2001,22,174292847,Pearl Harbor,62,false
2001,23,145063885,Swordfish,60,false
2001,24,192874575,Lara Croft: Tomb Raider,62,false
2001,25,207877540,The Fast and the Furious,65,false
2001,26,232575274,A.I. Artificial Intelligence,60,false
2001,27,202991634,Cats & Dogs,63,false
2001,28,212127792,Legally Blonde,62,false
2001,29,220066739,Jurassic Park III,60,false
2001,30,226655064,Planet of the Apes,62,false
2001,31,261846448,Rush Hour 2,62,false
2001,32,232487677,American Pie 2,63,false
2001,33,168734777,American Pie 2,58,false
2001,34,135346536,American Pie 2,61,false
2001,35,135358982,Jeepers Creepers,62,false
2001,36,92539945,The Musketeer,60,false
2001,37,83927301,Hardball,62,false
2001,38,78661325,Hardball,63,false
2001,39,95558080,Don't Say a Word,67,false
2001,40,120653834,Training Day,68,false
2001,41,110640674,Training Day,67,false
2001,42,107446892,From Hell,70,false
2001,43,108710732,K-PAX,65,false
2001,44,179740529,"Monsters, Inc.",64,false
2001,45,163161318,"Monsters, Inc.",67,false
2001,46,250208972,Harry Potter and the Sorcerer's Stone,67,false
2001,47,180478033,Harry Potter and the Sorcerer's Stone,62,false
2001,48,111092769,Harry Potter and the Sorcerer's Stone,60,false
2001,49,114377844,Ocean's Eleven,59,false
2001,50,153814459,Vanilla Sky,64,false
2001,51,290665861,The Lord of the Rings: The Fellowship of the Ring,63,false
2001,52,291443826,The Lord of the Rings: The Fellowship of the Ring,65,false
2002,1,160509255,The Lord of the Rings: The Fellowship of the Ring,60,false
2002,2,138640274,The Lord of the Rings: The Fellowship of the Ring,60,false
2002,3,177210194,Black Hawk Down,59,false
2002,4,164719925,Black Hawk Down,60,false
2002,5,126259558,Black Hawk Down,62,false
2002,6,136239020,Collateral Damage,62,false
2002,7,192488984,John Q,61,false
2002,8,136090746,Queen of the Damned,62,false
2002,9,133862047,We Were Soldiers,61,false
2002,10,138927081,The Time Machine,65,false
2002,11,177487682,Ice Age,68,false
2002,12,185808779,Blade II,68,false
2002,13,189335381,Panic Room,68,false
2002,14,136969398,Panic Room,64,false
2002,15,124510843,Changing Lanes,72,false
2002,16,132740252,The Scorpion King,75,false
2002,17,107900138,The Scorpion King,82,false
2002,18,215536631,Spider-Man,83,false
2002,19,191921645,Spider-Man,81,false
2002,20,232908246,Star Wars: Episode II - Attack of the Clones,83,false
2002,21,242961383,Star Wars: Episode II - Attack of the Clones,95,false
2002,22,191056233,The Sum of All Fears,93,false
2002,23,163676858,The Sum of All Fears,97,false
2002,24,238437561,Scooby-Doo,102,false
2002,25,244410838,Lilo & Stitch,100,false
2002,26,268088115,Mr. Deeds,105,false
2002,27,226484070,Men in Black II,93,false
2002,28,219129103,Men in Black II,120,false
2002,29,184965807,Stuart Little 2,121,false
2002,30,228835312,Austin Powers in Goldmember,131,false
2002,31,250449791,Signs,128,false
2002,32,203198261,xXx,132,false
2002,33,158701021,xXx,134,false
2002,34,120343256,Signs,141,false
2002,35,129428835,Signs,137,false
2002,36,100520606,My Big Fat Greek Wedding,141,false
2002,37,110860596,Barbershop,149,false
2002,38,102680755,Barbershop,153,false
2002,39,128761868,Sweet Home Alabama,156,false
2002,40,131676428,Red Dragon,147,false
2002,41,124326382,Red Dragon,153,false
2002,42,117762582,The Ring,144,false
2002,43,139277662,Jackass: The Movie,159,false
2002,44,152762558,The Santa Clause 2,146,false
2002,45,191553038,8 Mile,143,false
2002,46,207541247,Harry Potter and the Chamber of Secrets,149,false
2002,47,243885713,Die Another Day,144,false
2002,48,176756968,Die Another Day,133,false
2002,49,105108971,Die Another Day,129,false
2002,50,172493245,The Lord of the Rings: The Two Towers,123,false
2002,51,292838659,The Lord of the Rings: The Two Towers,128,false
2002,52,333602044,The Lord of the Rings: The Two Towers,129,false
2003,1,171206311,The Lord of the Rings: The Two Towers,121,false
2003,2,146643539,Just Married,124,false
2003,3,150390361,Kangaroo Jack,132,false
2003,4,131208055,Darkness Falls,129,false
2003,5,143787398,The Recruit,125,false
2003,6,151136873,How to Lose a Guy in 10 Days,120,false
2003,7,157175173,Daredevil,126,false
2003,8,145155543,Old School,122,false
2003,9,134006291,Cradle 2 the Grave,132,false
2003,10,146722581,Bringing Down the House,131,false
2003,11,138571526,Bringing Down the House,134,false
2003,12,129713748,Bringing Down the House,138,false
2003,13,131811652,Head of State,143,false
2003,14,125727241,Phone Booth,145,false
2003,15,139022697,Anger Management,155,false
2003,16,150015696,Anger Management,155,false
2003,17,115710990,Identity,167,false
2003,18,193203915,X2: X-Men United,155,false
2003,19,182213786,X2: X-Men United,150,false
2003,20,212628660,The Matrix Reloaded,154,false
2003,21,237009797,Bruce Almighty,137,false
2003,22,241537753,Finding Nemo,135,false
2003,23,225873991,Finding Nemo,135,false
2003,24,185147546,Finding Nemo,136,false
2003,25,216312053,Hulk,141,false
2003,26,231036373,Charlie's Angels: Full Throttle,144,false
2003,27,232030356,Terminator 3: Rise of the Machines,145,false
2003,28,224685609,Pirates of the Caribbean: The Curse of the Black Pearl,138,false
2003,29,233456102,Bad Boys II,143,false
2003,30,241828746,Spy Kids 3-D: Game Over,144,false
2003,31,229304880,American Wedding,136,false
2003,32,206838776,S.W.A.T.,134,false
2003,33,212085891,Freddy vs. Jason,133,false
2003,34,144970942,Freddy vs. Jason,140,false
2003,35,132739488,Jeepers Creepers 2,143,false
2003,36,86413199,Jeepers Creepers 2,147,false
2003,37,111464476,Once Upon a Time in Mexico,152,false
2003,38,133601389,Underworld,144,false
2003,39,119604449,The Rundown,156,false
2003,40,127499990,School of Rock,150,false
2003,41,116778055,School of Rock,159,false
2003,42,147790228,The Texas Chainsaw Massacre,153,false
2003,43,164245373,Scary Movie 3,158,false
2003,44,167045508,The Matrix Revolutions,156,false
2003,45,209014663,The Matrix Revolutions,151,false
2003,46,164554260,Master and Commander: The Far Side of the World,148,false
2003,47,215163555,The Cat in the Hat,139,false
2003,48,188772678,The Haunted Mansion,137,false
2003,49,126054770,The Last Samurai,132,false
2003,50,169859084,The Lord of the Rings: The Return of the King,133,false
2003,51,264586397,The Lord of the Rings: The Return of the King,119,false
2003,52,356853256,The Lord of the Rings: The Return of the King,110,false
2004,1,180600550,The Lord of the Rings: The Return of the King,115,false
2004,2,137068707,The Lord of the Rings: The Return of the King,115,false
2004,3,152426580,Along Came Polly,123,false
2004,4,130872874,The Butterfly Effect,124,false
2004,5,121060862,You Got Served,118,false
2004,6,138552432,Barbershop 2: Back in Business,125,false
2004,7,156771843,50 First Dates,134,false
2004,8,159103270,The Passion of the Christ,138,false
2004,9,212371818,The Passion of the Christ,128,false
2004,10,189015064,The Passion of the Christ,125,false
2004,11,160764918,The Passion of the Christ,138,false
2004,12,154709079,Dawn of the Dead,137,false
2004,13,152113746,Scooby-Doo 2: Monsters Unleashed,139,false
2004,14,177600125,Hellboy,129,false
2004,15,162674626,The Passion of the Christ,146,false
2004,16,129169743,Kill Bill: Vol. 2,141,false
2004,17,127102625,Man on Fire,145,false
2004,18,128921781,Mean Girls,153,false
2004,19,143793581,Van Helsing,157,false
2004,20,166517142,Troy,163,false
2004,21,231122464,Shrek 2,159,false
2004,22,292357479,Shrek 2,155,false
2004,23,258078244,Harry Potter and the Prisoner of Azkaban,143,false
2004,24,232045105,Harry Potter and the Prisoner of Azkaban,134,false
2004,25,220123434,Dodgeball,133,false
2004,26,255789457,Spider-Man 2,124,false
2004,27,266481079,Spider-Man 2,115,false
2004,28,233024356,Spider-Man 2,128,false
2004,29,232634460,"I, Robot",123,false
2004,30,217599637,The Bourne Supremacy,127,false
2004,31,232958095,The Village,122,false
2004,32,185059030,Collateral,129,false
2004,33,198442963,Alien vs. Predator,125,false
2004,34,166617047,Exorcist: The Beginning,129,false
2004,35,143599145,Hero,133,false
2004,36,118781036,Without a Paddle,136,false
2004,37,103128516,Resident Evil: Apocalypse,127,false
2004,38,98322286,Sky Captain and the World of Tomorrow,140,false
2004,39,93635091,The Forgotten,153,false
2004,40,141555253,Shark Tale,145,false
2004,41,137704340,Shark Tale,152,false
2004,42,122846944,Shark Tale,153,false
2004,43,136652051,The Grudge,155,false
2004,44,133280127,The Grudge,140,false
2004,45,199229609,The Incredibles,129,false
2004,46,177290358,The Incredibles,134,false
2004,47,237734794,National Treasure,126,false
2004,48,190705031,National Treasure,120,false
2004,49,118820993,National Treasure,123,false
2004,50,141352045,Ocean's Twelve,120,false
2004,51,204244718,Lemony Snicket's A Series of Unfortunate Events,114,false
2004,52,307717419,Meet the Fockers,106,false
2004,53,193495559,Meet the Fockers,106,false
2005,1,150997898,Meet the Fockers,103,false
2005,2,186433754,Coach Carter,105,false
2005,3,129387691,Are We There Yet?,112,false
2005,4,153505857,Hide and Seek,117,false
2005,5,131115430,Boogeyman,120,false
2005,6,160255169,Hitch,128,false
2005,7,171949963,Hitch,126,false
2005,8,152714607,Diary of a Mad Black Woman,121,false
2005,9,152318068,The Pacifier,121,false
2005,10,151480554,Robots,130,false
2005,11,162872549,The Ring Two,130,false
2005,12,148334249,Guess Who,141,false
2005,13,133440794,Sin City,137,false
2005,14,112581900,Sahara,133,false
2005,15,107034883,The Amityville Horror,134,false
2005,16,120665020,The Interpreter,139,false
2005,17,112880808,The Hitchhiker's Guide to the Galaxy,143,false
2005,18,110991931,Kingdom of Heaven,142,false
2005,19,152666340,Star Wars: Episode III - Revenge of the Sith,149,false
2005,20,227375125,Star Wars: Episode III - Revenge of the Sith,134,false
2005,21,267095172,Star Wars: Episode III - Revenge of the Sith,131,false
2005,22,183156391,Madagascar,130,false
2005,23,230318167,Mr. & Mrs. Smith,149,false
2005,24,206753565,Batman Begins,139,false
2005,25,227844162,Batman Begins,141,false
2005,26,232060525,War of the Worlds,134,false
2005,27,217496210,Fantastic Four,126,false
2005,28,252708549,Charlie and the Chocolate Factory,128,false
2005,29,216580199,Charlie and the Chocolate Factory,130,false
2005,30,192095749,Wedding Crashers,134,false
2005,31,176652215,The Dukes of Hazzard,138,false
2005,32,177764503,Four Brothers,129,false
2005,33,162686858,The 40-Year-Old Virgin,124,false
2005,34,136440639,The 40-Year-Old Virgin,137,false
2005,35,107388838,Transporter 2,137,false
2005,36,110892075,The Exorcism of Emily Rose,140,false
2005,37,105872171,Just Like Heaven,145,false
2005,38,126032428,Flightplan,144,false
2005,39,114803165,Flightplan,149,false
2005,40,142390005,Wallace & Gromit: The Curse of the Were-Rabbit,150,false
2005,41,113477115,The Fog,142,false
2005,42,113174390,Doom,147,false
2005,43,135919828,Saw II,146,false
2005,44,176731177,Chicken Little,138,false
2005,45,152108940,Chicken Little,147,false
2005,46,285191411,Harry Potter and the Goblet of Fire,145,false
2005,47,196107236,Harry Potter and the Goblet of Fire,133,false
2005,48,109222509,Harry Potter and the Goblet of Fire,139,false
2005,49,172826282,"The Chronicles of Narnia: The Lion, the Witch and the Wardrobe",135,false
2005,50,210866841,King Kong,112,false
2005,51,311134511,"The Chronicles of Narnia: The Lion, the Witch and the Wardrobe",102,false
2005,52,237403244,"The Chronicles of Narnia: The Lion, the Witch and the Wardrobe",107,false
2006,1,157489560,Hostel,98,false
2006,2,177936544,Glory Road,104,false
2006,3,151904573,Underworld: Evolution,109,false
2006,4,157826232,Big Momma's House 2,112,false
2006,5,131134824,When a Stranger Calls,124,false
2006,6,159456409,Final Destination 3,119,false
2006,7,168078129,Eight Below,128,false
2006,8,147625278,Madea's Family Reunion,132,false
2006,9,128723524,16 Blocks,130,false
2006,10,150008895,Failure to Launch,128,false
2006,11,139589305,V for Vendetta,134,false
2006,12,141606066,Inside Man,128,false
2006,13,176856001,Ice Age: The Meltdown,134,false
2006,14,154564537,Ice Age: The Meltdown,132,false
2006,15,161778764,Scary Movie 4,142,false
2006,16,134599318,Silent Hill,142,false
2006,17,127430086,RV,145,false
2006,18,140442144,Mission: Impossible III,135,false
2006,19,127389416,Mission: Impossible III,134,false
2006,20,216467086,The Da Vinci Code,134,false
2006,21,285622908,X-Men: The Last Stand,126,false
2006,22,205493754,The Break-Up,126,false
2006,23,215578235,Cars,127,false
2006,24,224190936,Cars,128,false
2006,25,237074234,Click,135,false
2006,26,265247167,Superman Returns,121,false
2006,27,325581671,Pirates of the Caribbean: Dead Man's Chest,121,false
2006,28,238346414,Pirates of the Caribbean: Dead Man's Chest,122,false
2006,29,222891057,Pirates of the Caribbean: Dead Man's Chest,134,false
2006,30,202057568,Miami Vice,122,false
2006,31,219236377,Talladega Nights: The Ballad of Ricky Bobby,129,false
2006,32,191369107,Talladega Nights: The Ballad of Ricky Bobby,137,false
2006,33,155215295,Talladega Nights: The Ballad of Ricky Bobby,140,false
2006,34,141260490,Invincible,132,false
2006,35,139695804,Invincible,134,false
2006,36,96201925,The Covenant,133,false
2006,37,99078151,Gridiron Gang,141,false
2006,38,111885032,Jackass Number Two,141,false
2006,39,126276934,Open Season,141,false
2006,40,146095358,The Departed,145,false
2006,41,140462149,The Departed,142,false
2006,42,135305069,The Prestige,132,false
2006,43,137770611,Saw III,131,false
2006,44,172326382,Borat: Cultural Learnings of America for Make Benefit Glorious Nation of Kazakhstan,137,false
2006,45,158113094,Borat: Cultural Learnings of America for Make Benefit Glorious Nation of Kazakhstan,134,false
2006,46,239592628,Casino Royale,134,false
2006,47,193299953,Happy Feet,123,false
2006,48,118454078,Happy Feet,126,false
2006,49,127961828,Apocalypto,129,false
2006,50,190521762,The Pursuit of Happyness,113,false
2006,51,335253675,Night at the Museum,103,false
2006,52,269758299,Night at the Museum,108,false
2007,1,167429526,Night at the Museum,110,false
2007,2,176058303,Stomp the Yard,106,false
2007,3,128378734,Stomp the Yard,104,false
2007,4,148559198,Epic Movie,113,false
2007,5,118195300,The Messengers,119,false
2007,6,154390178,Norbit,116,false
2007,7,217237782,Ghost Rider,106,false
2007,8,145339995,Ghost Rider,108,false
2007,9,156087835,Wild Hogs,116,false
2007,10,207911179,300,117,false
2007,11,156053854,300,117,false
2007,12,173178256,TMNT,124,false
2007,13,179843248,Blades of Glory,123,false
2007,14,172515363,Blades of Glory,126,false
2007,15,148563365,Disturbia,120,false
2007,16,113047618,Disturbia,132,false
2007,17,98530685,Disturbia,132,false
2007,18,233540594,Spider-Man 3,137,false
2007,19,137711687,Spider-Man 3,136,false
2007,20,242050730,Shrek the Third,129,false
2007,21,293882660,Pirates of the Caribbean: At World's End,120,false
2007,22,190601044,Pirates of the Caribbean: At World's End,123,false
2007,23,194665697,Ocean's Thirteen,131,false
2007,24,212871380,Fantastic 4: Rise of the Silver Surfer,130,false
2007,25,210150635,Evan Almighty,126,false
2007,26,345326945,Transformers,113,false
2007,27,318421917,Transformers,111,false
2007,28,275248800,Harry Potter and the Order of the Phoenix,122,false
2007,29,240165134,I Now Pronounce You Chuck & Larry,116,false
2007,30,271391493,The Simpsons Movie,112,false
2007,31,255452113,The Bourne Ultimatum,114,false
2007,32,226840797,Rush Hour 3,112,false
2007,33,195902693,Superbad,122,false
2007,34,151511576,Superbad,125,false
2007,35,167296095,Halloween,119,false
2007,36,104981992,3:10 to Yuma,133,false
2007,37,101572006,The Brave One,143,false
2007,38,122306123,Resident Evil: Extinction,137,false
2007,39,117112612,The Game Plan,137,false
2007,40,113325316,The Game Plan,137,false
2007,41,130144630,Why Did I Get Married?,144,false
2007,42,117250908,30 Days of Night,144,false
2007,43,138768016,Saw IV,132,false
2007,44,171512541,American Gangster,123,false
2007,45,153215173,Bee Movie,134,false
2007,46,193446118,Beowulf,126,false
2007,47,191235940,Enchanted,124,false
2007,48,106838682,Enchanted,129,false
2007,49,107222281,The Golden Compass,128,false
2007,50,217081701,I Am Legend,106,false
2007,51,361422601,National Treasure: Book of Secrets,92,false
2007,52,323600404,National Treasure: Book of Secrets,94,false
2008,1,177989880,National Treasure: Book of Secrets,93,false
2008,2,166151851,The Bucket List,101,false
2008,3,213430947,Cloverfield,109,false
2008,4,179649831,Rambo,113,false
2008,5,167654466,Hannah Montana and Miley Cyrus: Best of Both Worlds Concert,110,false
2008,6,163778966,Fool's Gold,110,false
2008,7,192888106,Jumper,109,false
2008,8,137916996,Vantage Point,114,false
2008,9,124440104,Semi-Pro,123,false
2008,10,139652763,"10,000 BC",127,false
2008,11,169131570,Horton Hears a Who!,128,false
2008,12,163365938,Horton Hears a Who!,122,false
2008,13,137591238,21,127,false
2008,14,122702573,21,137,false
2008,15,118214588,Prom Night,133,false
2008,16,122436197,The Forbidden Kingdom,139,false
2008,17,120191881,Baby Mama,147,false
2008,18,201340214,Iron Man,141,false
2008,19,161122728,Iron Man,138,false
2008,20,195113512,The Chronicles of Narnia: Prince Caspian,142,false
2008,21,255967928,Indiana Jones and the Kingdom of the Crystal Skull,134,false
2008,22,230942722,Sex and the City,136,false
2008,23,247832050,Kung Fu Panda,126,false
2008,24,257194928,The Incredible Hulk,132,false
2008,25,212555145,Get Smart,125,false
2008,26,314916197,WALL·E,131,false
2008,27,243296914,Hancock,127,false
2008,28,220867463,Hellboy II: The Golden Army,134,false
2008,29,399149585,The Dark Knight,126,false
2008,30,278341835,The Dark Knight,129,false
2008,31,255493043,The Dark Knight,129,false
2008,32,196725323,The Dark Knight,126,false
2008,33,186478180,Tropic Thunder,128,false
2008,34,149399242,Tropic Thunder,123,false
2008,35,142777260,Tropic Thunder,126,false
2008,36,88032812,Bangkok Dangerous,133,false
2008,37,130412253,Burn After Reading,133,false
2008,38,114113871,Lakeview Terrace,139,false
2008,39,131676306,Eagle Eye,139,false
2008,40,145920333,Beverly Hills Chihuahua,129,false
2008,41,137260475,Beverly Hills Chihuahua,141,false
2008,42,129177300,Max Payne,144,false
2008,43,164024990,High School Musical 3,141,false
2008,44,117701516,High School Musical 3,144,false
2008,45,191829534,Madagascar: Escape 2 Africa,138,false
2008,46,180846844,Quantum of Solace,137,false
2008,47,263348053,Twilight,126,false
2008,48,194174389,Four Christmases,109,false
2008,49,107906850,Four Christmases,121,false
2008,50,122890109,The Day the Earth Stood Still,110,false
2008,51,212027990,Yes Man,105,false
2008,52,383425388,Marley & Me,89,false
2009,1,194232803,Marley & Me,93,false
2009,2,189012291,Gran Torino,93,false
2009,3,265145090,Paul Blart: Mall Cop,95,false
2009,4,200727151,Paul Blart: Mall Cop,93,false
2009,5,164544254,Taken,94,false
2009,6,192871093,He's Just Not That Into You,97,false
2009,7,254609109,Friday the 13th,98,false
2009,8,178178642,Madea Goes to Jail,100,false
2009,9,140646955,Madea Goes to Jail,101,false
2009,10,148091155,Watchmen,110,false
2009,11,135747339,Race to Witch Mountain,106,false
2009,12,139212908,Knowing,110,false
2009,13,184048770,Monsters vs. Aliens,111,false
2009,14,208993051,Fast & Furious,110,false
2009,15,182357504,Hannah Montana: The Movie,112,false
2009,16,142375825,17 Again,126,false
2009,17,143445917,Obsessed,118,false
2009,18,199542449,X-Men Origins: Wolverine,110,false
2009,19,197209532,Star Trek,119,false
2009,20,194423217,Angels & Demons,116,false
2009,21,261126333,Night at the Museum: Battle of the Smithsonian,116,false
2009,22,228584117,Up,109,false
2009,23,245149340,The Hangover,125,false
2009,24,210709464,The Hangover,127,false
2009,25,309179099,Transformers: Revenge of the Fallen,126,false
2009,26,347589030,Transformers: Revenge of the Fallen,118,false
2009,27,258183254,Ice Age: Dawn of the Dinosaurs,109,false
2009,28,290782145,Harry Potter and the Half-Blood Prince,112,false
2009,29,245102268,Harry Potter and the Half-Blood Prince,112,false
2009,30,236260101,G-Force,117,false
2009,31,194503657,Funny People,120,false
2009,32,221648143,G.I. Joe: The Rise of Cobra,115,false
2009,33,214529761,District 9,124,false
2009,34,181006317,Inglourious Basterds,123,false
2009,35,165897267,The Final Destination,116,false
2009,36,147817413,The Final Destination,120,false
2009,37,117978712,I Can Do Bad All by Myself,128,false
2009,38,129868450,Cloudy with a Chance of Meatballs,139,false
2009,39,124402130,Cloudy with a Chance of Meatballs,141,false
2009,40,137344458,Zombieland,135,false
2009,41,151816833,Couples Retreat,138,false
2009,42,176612203,Where the Wild Things Are,138,false
2009,43,158524638,Paranormal Activity,136,false
2009,44,124461605,This Is It,140,false
2009,45,164426454,A Christmas Carol,131,false
2009,46,176987194,2012,134,false
2009,47,389986559,The Twilight Saga: New Moon,135,false
2009,48,225286338,The Twilight Saga: New Moon,116,false
2009,49,129013862,The Blind Side,117,false
2009,50,129384812,The Princess and the Frog,111,false
2009,51,274046121,Avatar,98,false
2009,52,505152203,Avatar,83,false
2010,1,288525293,Avatar,87,false
2010,2,212438033,Avatar,94,false
2010,3,246834769,Avatar,98,false
2010,4,186197011,Avatar,100,false
2010,5,163289083,Avatar,100,false
2010,6,150975884,Dear John,105,false
2010,7,274911492,Valentine's Day,101,false
2010,8,170415749,Shutter Island,111,false
2010,9,157757600,Shutter Island,114,false
2010,10,253480439,Alice in Wonderland,112,false
2010,11,201010289,Alice in Wonderland,114,false
2010,12,164643167,Alice in Wonderland,108,false
2010,13,196469392,How to Train Your Dragon,119,false
2010,14,250319855,Clash of the Titans,119,false
2010,15,159992058,Clash of the Titans,118,false
2010,16,155463349,Kick-Ass,122,false
2010,17,128757797,How to Train Your Dragon,122,false
2010,18,128102026,A Nightmare on Elm Street,122,false
2010,19,227854671,Iron Man 2,123,false
2010,20,182351549,Iron Man 2,125,false
2010,21,211057550,Shrek Forever After,120,false
2010,22,235029275,Shrek Forever After,115,false
2010,23,186228148,Shrek Forever After,125,false
2010,24,218553220,The Karate Kid,121,false
2010,25,307701686,Toy Story 3,122,false
2010,26,358919937,The Twilight Saga: Eclipse,115,false
2010,27,335174558,The Twilight Saga: Eclipse,112,false
2010,28,293659395,Despicable Me,115,false
2010,29,279921671,Inception,113,false
2010,30,247824130,Inception,110,false
2010,31,228843650,Inception,112,false
2010,32,205397331,The Other Guys,113,false
2010,33,221356371,The Expendables,116,false
2010,34,184217710,The Expendables,123,false
2010,35,157945466,Takers,123,false
2010,36,154078058,The American,123,false
2010,37,107624196,Resident Evil: Afterlife,139,false
2010,38,131316767,The Town,146,false
2010,39,131484516,Wall Street: Money Never Sleeps,145,false
2010,40,124942444,The Social Network,148,false
2010,41,129095876,The Social Network,148,false
2010,42,172962870,Jackass 3D,154,false
2010,43,168346763,Paranormal Activity 2,135,false
2010,44,128027682,Saw: The Final Chapter,132,false
2010,45,205751189,Megamind,132,false
2010,46,151745628,Megamind,128,false
2010,47,307994980,Harry Potter and the Deathly Hallows: Part 1,127,false
2010,48,216546680,Harry Potter and the Deathly Hallows: Part 1,109,false
2010,49,112272889,Tangled,121,false
2010,50,123480611,The Chronicles of Narnia: The Voyage of the Dawn Treader,126,false
2010,51,249298117,TRON: Legacy,119,false
2010,52,332902073,Little Fockers,102,false
2010,53,216614496,Little Fockers,106,false
2011,1,148114478,True Grit,106,false
2011,2,185023934,The Green Hornet,114,false
2011,3,135366417,No Strings Attached,110,false
2011,4,139689181,The Rite,110,false
2011,5,115449835,The Roommate,117,false
2011,6,196852055,Just Go with It,119,false
2011,7,205969087,Unknown,112,false
2011,8,140375523,Hall Pass,111,false
2011,9,168412622,Rango,111,false
2011,10,179108604,Battle Los Angeles,124,false
2011,11,153894371,Limitless,128,false
2011,12,157829465,Diary of a Wimpy Kid: Rodrick Rules,131,false
2011,13,162928930,Hop,132,false
2011,14,146996424,Hop,135,false
2011,15,184393688,Rio,127,false
2011,16,180048204,Rio,137,false
2011,17,199704023,Fast Five,127,false
2011,18,215926440,Thor,136,false
2011,19,187077134,Thor,135,false
2011,20,256839458,Pirates of the Caribbean: On Stranger Tides,130,false
2011,21,330441802,The Hangover Part II,120,false
2011,22,225856713,X-Men: First Class,122,false
2011,23,201738519,Super 8,112,false
2011,24,227287828,Green Lantern,117,false
2011,25,317768812,Cars 2,128,false
2011,26,320709696,Transformers: Dark of the Moon,122,false
2011,27,234267917,Transformers: Dark of the Moon,131,false
2011,28,375470369,Harry Potter and the Deathly Hallows: Part 2,133,false
2011,29,284623735,Captain America: The First Avenger,125,false
2011,30,275181080,The Smurfs,133,false
2011,31,258611430,Rise of the Planet of the Apes,137,false
2011,32,234139529,The Help,134,false
2011,33,179638115,The Help,140,false
2011,34,137104415,The Help,141,false
2011,35,161451407,The Help,137,false
2011,36,109344057,Contagion,143,false
2011,37,136404933,The Lion King2011 3D Release,147,false
2011,38,155047385,The Lion King2011 3D Release,146,false
2011,39,127808035,Dolphin Tale,139,false
2011,40,130837852,Real Steel,140,false
2011,41,115999961,Real Steel,149,false
2011,42,152543400,Paranormal Activity 3,149,false
2011,43,139632052,Puss in Boots,144,false
2011,44,147882751,Puss in Boots,144,false
2011,45,168469321,Immortals,134,false
2011,46,329162507,The Twilight Saga: Breaking Dawn - Part 1,119,false
2011,47,197927420,The Twilight Saga: Breaking Dawn - Part 1,115,false
2011,48,104519164,The Twilight Saga: Breaking Dawn - Part 1,111,false
2011,49,101222076,New Year's Eve,118,false
2011,50,213305933,Sherlock Holmes: A Game of Shadows,109,false
2011,51,345441199,Mission: Impossible - Ghost Protocol,100,false
2011,52,248160722,Mission: Impossible - Ghost Protocol,101,false
2012,1,176213282,The Devil Inside,98,false
2012,2,191116597,Contraband,109,false
2012,3,175635273,Underworld Awakening,117,false
2012,4,163032236,The Grey,115,false
2012,5,151149413,Chronicle,112,false
2012,6,260410501,The Vow,119,false
2012,7,227801178,Safe House,125,false
2012,8,169971943,Act of Valor,125,false
2012,9,212870744,The Lorax,125,false
2012,10,187226987,The Lorax,139,false
2012,11,149346576,21 Jump Street,134,false
2012,12,274488466,The Hunger Games,128,false
2012,13,213872724,The Hunger Games,133,false
2012,14,176810500,The Hunger Games,129,false
2012,15,147587293,The Hunger Games,127,false
2012,16,175540630,Think Like a Man,140,false
2012,17,142600449,Think Like a Man,139,false
2012,18,338936048,The Avengers,139,false
2012,19,229277363,The Avengers,140,false
2012,20,196405207,The Avengers,136,false
2012,21,236073933,Men in Black 3,131,false
2012,22,200142237,Snow White and the Huntsman,135,false
2012,23,259135403,Madagascar 3: Europe's Most Wanted,139,false
2012,24,197286659,Madagascar 3: Europe's Most Wanted,121,false
2012,25,247953068,Brave,118,false
2012,26,407333566,Ted,113,false
2012,27,297435151,The Amazing Spider-Man,118,false
2012,28,253442669,Ice Age: Continental Drift,122,false
2012,29,340137432,The Dark Knight Rises,118,false
2012,30,209000501,The Dark Knight Rises,113,false
2012,31,191399054,The Dark Knight Rises,123,false
2012,32,213835389,The Bourne Legacy,126,false
2012,33,199386650,The Expendables 2,121,false
2012,34,133978460,The Expendables 2,129,false
2012,35,156149036,The Possession,117,false
2012,36,88208769,The Possession,131,false
2012,37,114084797,Resident Evil: Retribution,136,false
2012,38,120430756,End of Watch,140,false
2012,39,152524426,Hotel Transylvania,140,false
2012,40,189882679,Taken 2,128,false
2012,41,169069653,Taken 2,135,false
2012,42,164277521,Paranormal Activity 4,137,false
2012,43,126901081,Argo,136,false
2012,44,179743679,Wreck-It Ralph,131,false
2012,45,231966114,Skyfall,133,false
2012,46,382996573,The Twilight Saga: Breaking Dawn - Part 2,130,false
2012,47,254094320,The Twilight Saga: Breaking Dawn - Part 2,115,false
2012,48,148480517,The Twilight Saga: Breaking Dawn - Part 2,119,false
2012,49,108923041,Skyfall,132,false
2012,50,192917642,The Hobbit: An Unexpected Journey,125,false
2012,51,319126122,The Hobbit: An Unexpected Journey,108,false
2012,52,329890206,The Hobbit: An Unexpected Journey,107,false
2013,1,193708349,Django Unchained,107,false
2013,2,187929023,Zero Dark Thirty,105,false
2013,3,193890621,Mama,105,false
2013,4,146137087,Hansel & Gretel: Witch Hunters,106,false
2013,5,118809060,Warm Bodies,108,false
2013,6,164941440,Identity Thief,110,false
2013,7,199429142,A Good Day to Die Hard,112,false
2013,8,134207125,Identity Thief,104,false
2013,9,140796480,Jack the Giant Slayer,112,false
2013,10,190989497,Oz the Great and Powerful,116,false
2013,11,141553988,Oz the Great and Powerful,111,false
2013,12,207509903,The Croods,130,false
2013,13,212129890,G.I. Joe: Retaliation,136,false
2013,14,169598356,Evil Dead,133,false
2013,15,150102127,42,135,false
2013,16,141603895,Oblivion,136,false
2013,17,120604233,Pain & Gain,137,false
2013,18,271336388,Iron Man 3,138,false
2013,19,218529496,Iron Man 3,136,false
2013,20,220308192,Star Trek Into Darkness,123,false
2013,21,369640050,Fast & Furious 6,117,false
2013,22,229030542,Fast & Furious 6,125,false
2013,23,232196154,The Purge,123,false
2013,24,289074896,Man of Steel,115,false
2013,25,356403249,Monsters University,114,false
2013,26,382722134,Monsters University,118,false
2013,27,339159380,Despicable Me 2,110,false
2013,28,300444084,Despicable Me 2,120,false
2013,29,296915748,The Conjuring,122,false
2013,30,264948027,The Wolverine,116,false
2013,31,225090192,2 Guns,113,false
2013,32,237976002,Elysium,118,false
2013,33,205691977,Lee Daniels' The Butler,128,false
2013,34,157051178,Lee Daniels' The Butler,126,false
2013,35,186119930,Lee Daniels' The Butler,127,false
2013,36,110699107,Riddick,153,false
2013,37,130737922,Insidious: Chapter 2,153,false
2013,38,113065375,Prisoners,154,false
2013,39,136356388,Cloudy with a Chance of Meatballs 2,144,false
2013,40,170507756,Gravity,143,false
2013,41,163534319,Gravity,138,false
2013,42,137677289,Gravity,137,false
2013,43,136750640,Bad Grandpa,131,false
2013,44,166058260,Ender's Game,132,false
2013,45,221692830,Thor: The Dark World,136,false
2013,46,161611080,Thor: The Dark World,130,false
2013,47,356501887,The Hunger Games: Catching Fire,118,false
2013,48,246833082,The Hunger Games: Catching Fire,122,false
2013,49,125418025,Frozen,107,false
2013,50,210112051,The Hobbit: The Desolation of Smaug,109,false
2013,51,348833906,The Hobbit: The Desolation of Smaug,95,false
2013,52,368526048,Frozen,92,false
2014,1,190120709,Frozen,95,false
2014,2,188911221,Lone Survivor,102,false
2014,3,246830518,Ride Along,106,false
2014,4,155333469,Ride Along,112,false
2014,5,114148109,Ride Along,106,false
2014,6,193105244,The Lego Movie,120,false
2014,7,241339975,The Lego Movie,118,false
2014,8,142111525,The Lego Movie,120,false
2014,9,159790050,Non-Stop,128,false
2014,10,193755685,300: Rise of an Empire,120,false
2014,11,149702173,Mr. Peabody & Sherman,126,false
2014,12,188208781,Divergent,125,false
2014,13,181736370,Noah,127,false
2014,14,212629543,Captain America: The Winter Soldier,127,false
2014,15,203339501,Captain America: The Winter Soldier,122,false
2014,16,182000576,Captain America: The Winter Soldier,122,false
2014,17,151660710,The Other Woman,125,false
2014,18,193201263,The Amazing Spider-Man 2,127,false
2014,19,179028025,Neighbors,129,false
2014,20,232393700,Godzilla,120,false
2014,21,276234226,X-Men: Days of Future Past,123,false
2014,22,231028147,Maleficent,120,false
2014,23,235595385,The Fault in Our Stars,130,false
2014,24,275007754,22 Jump Street,139,false
2014,25,220230451,22 Jump Street,130,false
2014,26,289913206,Transformers: Age of Extinction,137,false
2014,27,204482962,Transformers: Age of Extinction,122,false
2014,28,227126519,Dawn of the Planet of the Apes,130,false
2014,29,220965010,Dawn of the Planet of the Apes,128,false
2014,30,228576572,Lucy,129,false
2014,31,272000303,Guardians of the Galaxy,127,false
2014,32,276232034,Teenage Mutant Ninja Turtles,130,false
2014,33,203841575,Teenage Mutant Ninja Turtles,121,false
2014,34,157820908,Guardians of the Galaxy,120,false
2014,35,163548362,Guardians of the Galaxy,125,false
2014,36,88040756,Guardians of the Galaxy,138,false
2014,37,116622402,No Good Deed,145,false
2014,38,133796753,The Maze Runner,144,false
2014,39,139361329,The Equalizer,155,false
2014,40,193722333,Gone Girl,146,false
2014,41,202883696,Gone Girl,145,false
2014,42,172914886,Fury,138,false
2014,43,151852494,Ouija,140,false
2014,44,130054221,Nightcrawler,134,false
2014,45,218358921,Big Hero 6,139,false
2014,46,175212940,Dumb and Dumber To,127,false
2014,47,301031744,The Hunger Games: Mockingjay - Part 1,114,false
2014,48,195936084,The Hunger Games: Mockingjay - Part 1,118,false
2014,49,101827233,The Hunger Games: Mockingjay - Part 1,120,false
2014,50,146098083,The Hobbit: The Battle of the Five Armies,109,false
2014,51,288003426,The Hobbit: The Battle of the Five Armies,104,false
2014,52,391452213,The Hobbit: The Battle of the Five Armies,95,false
2015,1,197915912,The Hobbit: The Battle of the Five Armies,105,false
2015,2,165598143,Taken 3,105,false
2015,3,299050139,American Sniper,103,false
2015,4,202840618,American Sniper,111,false
2015,5,136462275,American Sniper,105,false
2015,6,188004082,The SpongeBob Movie: Sponge Out of Water,109,false
2015,7,291161510,Fifty Shades of Grey,104,false
2015,8,156274928,Fifty Shades of Grey,112,false
2015,9,137546307,Focus,108,false
2015,10,121669811,Chappie,113,false
2015,11,176472907,Cinderella,111,false
2015,12,170353357,Insurgent,111,false
2015,13,203141384,Home,106,false
2015,14,310179893,Furious 7,116,false
2015,15,165753427,Furious 7,118,false
2015,16,153661866,Furious 7,128,false
2015,17,121168729,Furious 7,126,false
2015,18,292975210,Avengers: Age of Ultron,120,false
2015,19,168364446,Avengers: Age of Ultron,110,false
2015,20,240944976,Pitch Perfect 2,110,false
2015,21,231535566,Tomorrowland,112,false
2015,22,197590966,San Andreas,104,false
2015,23,188241634,Spy,108,false
2015,24,393685383,Jurassic World,103,false
2015,25,359077374,Jurassic World,107,false
2015,26,308980094,Inside Out,113,false
2015,27,219271846,Inside Out,109,false
2015,28,317120635,Minions,113,false
2015,29,287733752,Ant-Man,113,false
2015,30,236296087,Ant-Man,113,false
2015,31,228094322,Mission: Impossible - Rogue Nation,109,false
2015,32,197998776,Mission: Impossible - Rogue Nation,109,false
2015,33,217243616,Straight Outta Compton,107,false
2015,34,151055405,Straight Outta Compton,114,false
2015,35,123800250,Straight Outta Compton,113,false
2015,36,143564544,War Room,117,false
2015,37,130079788,The Perfect Guy,119,false
2015,38,148940940,Maze Runner: The Scorch Trials,128,false
2015,39,178111910,Hotel Transylvania 2,136,false
2015,40,194156951,The Martian,139,false
2015,41,163513834,The Martian,132,false
2015,42,159529111,Goosebumps,126,false
2015,43,138477272,The Martian,122,false
2015,44,102255404,The Martian,117,false
2015,45,222358962,Spectre,131,false
2015,46,137759758,Spectre,129,false
2015,47,287591063,The Hunger Games: Mockingjay - Part 2,116,false
2015,48,221281868,The Hunger Games: Mockingjay - Part 2,110,false
2015,49,128599178,The Hunger Games: Mockingjay - Part 2,106,false
2015,50,105676694,The Hunger Games: Mockingjay - Part 2,101,false
2015,51,512942615,Star Wars: Episode VII - The Force Awakens,87,false
2015,52,528571099,Star Wars: Episode VII - The Force Awakens,84,false
2016,1,288838867,Star Wars: Episode VII - The Force Awakens,93,false
2016,2,213602441,The Revenant,96,false
2016,3,238871426,Ride Along 2,92,false
2016,4,156619718,The Revenant,95,false
2016,5,175099006,Kung Fu Panda 3,104,false
2016,6,126660397,Kung Fu Panda 3,101,false
2016,7,329813448,Deadpool,111,false
2016,8,185749682,Deadpool,112,false
2016,9,147785170,Deadpool,95,false
2016,10,208318595,Zootopia,108,false
2016,11,190821864,Zootopia,120,false
2016,12,183382558,Zootopia,129,false
2016,13,339310457,Batman v Superman: Dawn of Justice,117,false
2016,14,171168495,Batman v Superman: Dawn of Justice,123,false
2016,15,135034453,The Boss,124,false
2016,16,227414931,The Jungle Book,135,false
2016,17,170208289,The Jungle Book,135,false
2016,18,137251822,The Jungle Book,128,false
2016,19,301892803,Captain America: Civil War,126,false
2016,20,169568447,Captain America: Civil War,135,false
2016,21,181503592,The Angry Birds Movie,140,false
2016,22,247634060,X-Men: Apocalypse,123,false
2016,23,190384206,Teenage Mutant Ninja Turtles: Out of the Shadows,119,false
2016,24,218901826,The Conjuring 2,122,false
2016,25,361802569,Finding Dory,119,false
2016,26,291424592,Finding Dory,122,false
2016,27,310796716,Finding Dory,119,false
2016,28,323895350,The Secret Life of Pets,116,false
2016,29,248480865,The Secret Life of Pets,127,false
2016,30,297491308,Star Trek Beyond,130,false
2016,31,283992198,Jason Bourne,122,false
2016,32,329799333,Suicide Squad,116,false
2016,33,254084810,Suicide Squad,121,false
2016,34,187168410,Suicide Squad,119,false
2016,35,164720876,Don't Breathe,124,false
2016,36,149653929,Don't Breathe,122,false
2016,37,134442104,Sully,134,false
2016,38,121858826,Sully,147,false
2016,39,136380402,The Magnificent Seven,147,false
2016,40,150279056,Miss Peregrine's Home for Peculiar Children,153,false
2016,41,147946400,The Girl on the Train,144,false
2016,42,132523535,The Accountant,141,false
2016,43,163335024,Tyler Perry's Boo! A Madea Halloween,139,false
2016,44,120281574,Tyler Perry's Boo! A Madea Halloween,136,false
2016,45,251723696,Doctor Strange,134,false
2016,46,198097131,Doctor Strange,139,false
2016,47,272806761,Fantastic Beasts and Where to Find Them,138,false
2016,48,224776659,Moana,134,false
2016,49,125024701,Moana,141,false
2016,50,113555735,Moana,129,false
2016,51,351825485,Rogue One: A Star Wars Story,112,false
2016,52,468100573,Rogue One: A Star Wars Story,102,false
2016,53,311003351,Rogue One: A Star Wars Story,85,false
2017,1,191327544,Hidden Figures,95,false
2017,2,219559737,Hidden Figures,87,false
2017,3,193995689,Split,103,false
2017,4,183789954,Split,103,false
2017,5,131654279,Split,105,false
2017,6,260607120,Fifty Shades Darker,97,false
2017,7,222294706,The Lego Batman Movie,93,false
2017,8,169951419,Get Out,95,false
2017,9,252962526,Logan,110,false
2017,10,229121650,Kong: Skull Island,116,false
2017,11,348996414,Beauty and the Beast,112,false
2017,12,267856889,Beauty and the Beast,107,false
2017,13,222360225,The Boss Baby,111,false
2017,14,172543097,The Boss Baby,115,false
2017,15,228479867,The Fate of the Furious,116,false
2017,16,140944167,The Fate of the Furious,122,false
2017,17,129454379,The Fate of the Furious,118,false
2017,18,248475475,Guardians of the Galaxy Vol. 2,117,false
2017,19,176045212,Guardians of the Galaxy Vol. 2,124,false
2017,20,173512782,Alien: Covenant,123,false
2017,21,218533507,Pirates of the Caribbean: Dead Men Tell No Tales,115,false
2017,22,268380107,Wonder Woman,118,false
2017,23,213617819,Wonder Woman,114,false
2017,24,292684121,Cars 3,121,false
2017,25,214919540,Transformers: The Last Knight,122,false
2017,26,281182034,Despicable Me 3,109,false
2017,27,303727567,Spider-Man: Homecoming,111,false
2017,28,243097306,War for the Planet of the Apes,115,false
2017,29,273989488,Dunkirk,122,false
2017,30,221095923,Dunkirk,124,false
2017,31,185175491,The Dark Tower,114,false
2017,32,173131832,Annabelle: Creation,130,false
2017,33,138860067,The Hitman's Bodyguard,129,false
2017,34,101552490,The Hitman's Bodyguard,133,false
2017,35,112587819,The Hitman's Bodyguard,134,false
2017,36,215963891,It,146,false
2017,37,148499678,It,148,false
2017,38,152942112,Kingsman: The Golden Circle,141,false
2017,39,120143224,American Made,144,false
2017,40,149284494,Blade Runner 2049,145,false
2017,41,131667878,Happy Death Day,145,false
2017,42,128574321,Boo 2! A Madea Halloween,145,false
2017,43,109543154,Jigsaw,144,false
2017,44,236868261,Thor: Ragnarok,139,false
2017,45,194963666,Thor: Ragnarok,136,false
2017,46,329120391,Justice League,119,false
2017,47,233607415,Coco,117,false
2017,48,140132703,Coco,126,false
2017,49,114955123,Coco,109,false
2017,50,408585709,Star Wars: Episode VIII - The Last Jedi,87,false
2017,51,467339603,Star Wars: Episode VIII - The Last Jedi,80,false
2017,52,338484898,Jumanji: Welcome to the Jungle,86,false
2018,1,221132910,Jumanji: Welcome to the Jungle,96,false
2018,2,234295238,Jumanji: Welcome to the Jungle,107,false
2018,3,184048003,Jumanji: Welcome to the Jungle,108,false
2018,4,187471873,Maze Runner: The Death Cure,105,false
2018,5,129774997,Jumanji: Welcome to the Jungle,111,false
2018,6,201410857,Fifty Shades Freed,116,false
2018,7,419756217,Black Panther,117,false
2018,8,255764555,Black Panther,121,false
2018,9,198511318,Black Panther,123,false
2018,10,197200637,Black Panther,122,false
2018,11,183479381,Black Panther,128,false
2018,12,201171273,Pacific Rim: Uprising,122,false
2018,13,205989995,Ready Player One,129,false
2018,14,215982126,A Quiet Place,133,false
2018,15,198216445,Rampage,146,false
2018,16,163680336,A Quiet Place,142,false
2018,17,416386101,Avengers: Infinity War,138,false
2018,18,224421582,Avengers: Infinity War,133,false
2018,19,182750183,Avengers: Infinity War,147,false
2018,20,283483133,Deadpool 2,135,false
2018,21,276529805,Solo: A Star Wars Story,138,false
2018,22,158982570,Solo: A Star Wars Story,127,false
2018,23,181264811,Ocean's 8,137,false
2018,24,403643911,Incredibles 2,131,false
2018,25,408177250,Jurassic World: Fallen Kingdom,123,false
2018,26,312936354,Jurassic World: Fallen Kingdom,125,false
2018,27,279670250,Ant-Man and the Wasp,122,false
2018,28,259321868,Hotel Transylvania 3: Summer Vacation,114,false
2018,29,270714520,Mamma Mia! Here We Go Again,128,false
2018,30,249574767,Mission: Impossible - Fallout,132,false
2018,31,219442260,Mission: Impossible - Fallout,127,false
2018,32,226431744,The Meg,116,false
2018,33,195099791,Crazy Rich Asians,125,false
2018,34,150222029,Crazy Rich Asians,128,false
2018,35,151984628,Crazy Rich Asians,123,false
2018,36,161673433,The Nun,133,false
2018,37,149136194,The Predator,144,false
2018,38,125947921,The House with a Clock in Its Walls,142,false
2018,39,140661002,Night School,144,false
2018,40,254850264,Venom,149,false
2018,41,184265115,Venom,140,false
2018,42,216858124,Halloween,131,false
2018,43,148052491,Halloween,138,false
2018,44,198031233,Bohemian Rhapsody,137,false
2018,45,228450756,The Grinch,134,false
2018,46,315943511,Fantastic Beasts: The Crimes of Grindelwald,118,false
2018,47,266499043,Ralph Breaks the Internet,111,false
2018,48,159420480,Ralph Breaks the Internet,122,false
2018,49,118029027,Ralph Breaks the Internet,125,false
2018,50,182879825,Spider-Man: Into the Spider-Verse,115,false
2018,51,414641757,Aquaman,92,false
2018,52,343423803,Aquaman,94,false
2019,1,189701655,Aquaman,99,false
2019,2,174909970,The Upside,95,false
2019,3,196416193,Glass,95,false
2019,4,137684269,Glass,93,false
2019,5,101933532,Glass,94,false
2019,6,173677594,The Lego Movie 2: The Second Part,108,false
2019,7,183690047,Alita: Battle Angel,108,false
2019,8,165159850,How to Train Your Dragon: The Hidden World,99,false
2019,9,151459712,How to Train Your Dragon: The Hidden World,111,false
2019,10,281113490,Captain Marvel,117,false
2019,11,187942023,Captain Marvel,129,false
2019,12,204193406,Us,138,false
2019,13,184196251,Dumbo,144,false
2019,14,192529162,Shazam!,127,false
2019,15,162287801,Shazam!,138,false
2019,16,151267535,The Curse of la Llorona,142,false
2019,17,536535969,Avengers: Endgame,127,false
2019,18,257712524,Avengers: Endgame,127,false
2019,19,219520275,Avengers: Endgame,122,false
2019,20,203525667,John Wick: Chapter 3 - Parabellum,126,false
2019,21,283660998,Aladdin,123,false
2019,22,251082037,Aladdin,120,false
2019,23,241872739,The Secret Life of Pets 2,130,false
2019,24,205284044,Men in Black: International,117,false
2019,25,316528361,Toy Story 4,113,false
2019,26,330502860,Toy Story 4,111,false
2019,27,281608923,Spider-Man: Far from Home,113,false
2019,28,201976380,Spider-Man: Far from Home,119,false
2019,29,391079975,The Lion King,113,false
2019,30,252161307,The Lion King,116,false
2019,31,227524958,Fast & Furious Presents: Hobbs & Shaw,118,false
2019,32,202634754,Fast & Furious Presents: Hobbs & Shaw,113,false
2019,33,177860491,Good Boys,122,false
2019,34,156044810,Angel Has Fallen,116,false
2019,35,142201619,Angel Has Fallen,114,false
2019,36,178423960,It Chapter Two,110,false
2019,37,149539855,It Chapter Two,128,false
2019,38,168916046,Downton Abbey,126,false
2019,39,131219030,Abominable,127,false
2019,40,216669409,Joker,118,false
2019,41,202182448,Joker,116,false
2019,42,184811501,Maleficent: Mistress of Evil,123,false
2019,43,149669288,Joker,119,false
2019,44,157056202,Terminator: Dark Fate,104,false
2019,45,171354607,Midway,113,false
2019,46,147766002,Ford v Ferrari,106,false
2019,47,342357442,Frozen II,111,false
2019,48,225284723,Frozen II,94,false
2019,49,124799870,Frozen II,104,false
2019,50,162246278,Jumanji: The Next Level,96,false
2019,51,485547943,Star Wars: Episode IX - The Rise of Skywalker,81,false
2019,52,381592200,Star Wars: Episode IX - The Rise of Skywalker,91,false
